date.1,price_usd,market_cap,volume,price_usd_lag1,volume_lag1,market_cap_lag1,price_usd_lag2,volume_lag2,market_cap_lag2,price_usd_lag3,volume_lag3,market_cap_lag3,price_usd_lag7,volume_lag7,market_cap_lag7,price_usd_lag14,volume_lag14,market_cap_lag14,returns,volatility_7d,volatility_14d,returns_rolling_mean_7d,price_usd_sma7,price_usd_std7,volume_sma7,market_cap_sma7,price_usd_sma14,price_usd_std14,volume_sma14,market_cap_sma14,price_usd_sma30,price_usd_std30,volume_sma30,market_cap_sma30,RSI_14,MACD,MACD_signal,MACD_hist,Bollinger_sma,Bollinger_upper,Bollinger_lower,day_of_week,month,quarter,target_return,target_class
2025-03-11,558.43,81532666162.7095,1881236992.0735807,564.46,1039956661.4360776,82276345886.57701,577.1160830495301,883532114.8691314,87538882195.2179,599.64,883532114.8691314,87538882195.2179,604.71,1772995327.902984,88099491927.97063,661.586354388842,722907830.6919061,96735564174.033,-1.0682776458916687,3.7407744306055215,4.227715343524002,-1.0713525183485593,581.9165832927899,19.21120739026209,1144107068.5137568,85403553085.2465,596.1156684268727,24.63221760853952,1309580398.4051225,86792969843.56592,620.5557394362912,39.37551800737978,1477923631.2742076,90237875941.7638,32.39309556657716,-11.745814851713137,-3.812251496914287,-7.933563354798847,596.1156684268727,645.3801036439518,546.8512332097937,1,3,1,-0.1593753917232265,0
2025-03-12,557.54,81366456635.83466,1231964549.6775362,558.43,1881236992.0735807,81532666162.7095,564.46,1039956661.4360776,82276345886.57701,577.1160830495301,883532114.8691314,87538882195.2179,568.77,1437380019.391853,83109245767.95335,638.47,734289317.7656609,93210254778.11714,-0.1593753917232265,3.0625851867177887,4.177353096098465,-0.2450711823430944,580.3122975785043,20.88776343753524,1114762001.4117117,85154583209.22954,590.3349541411584,23.393061858525755,1345128629.2559707,85946984261.97432,620.1060727696246,40.03215504066399,1477609028.3244357,90174246955.6567,35.05263160973492,-13.571649091370888,-5.764131015805607,-7.807518075565279,590.3349541411584,637.1210778582099,543.5488304241069,2,3,1,4.288481543925116,1
2025-03-13,581.45,84729580165.32867,1171114786.6400883,557.54,1231964549.6775362,81366456635.83466,558.43,1881236992.0735807,81532666162.7095,564.46,1039956661.4360776,82276345886.57701,603.1,1068311661.959186,88020110837.34387,607.14,1881470830.112279,88588297855.40712,4.288481543925116,2.48138910313913,4.218609030881141,-0.4946926342133513,577.2194404356471,18.40673154283957,1129448162.0804117,84684507398.94165,588.4999541411586,22.977331896878933,1294388911.8651,85671361569.82585,620.1527394362913,39.98463814573029,1500939891.3958995,90179293503.14632,45.12147044571872,-12.940132907725342,-7.199331394189555,-5.740801513535788,588.4999541411586,634.4546179349164,542.5452903474007,3,3,1,-0.2115401152291696,0
2025-03-14,580.22,84579800057.54492,1728902314.8845716,581.45,1171114786.6400883,84729580165.32867,557.54,1231964549.6775362,81366456635.83466,558.43,1881236992.0735807,81532666162.7095,601.9,814799914.9973364,87808738551.706,627.76,1212863290.4194124,91604774364.6393,-0.2115401152291696,2.481144002410641,4.088524638540393,-0.4964880823727907,574.1222975785043,15.086273433642722,1260034219.2071595,84223230471.20436,585.1042398554442,20.056123823851816,1331248842.1840398,85169577690.7477,619.9564061029579,40.17158307205304,1522720391.3609755,90146520119.58572,40.25446425514645,-12.396009027003402,-8.238666920752324,-4.157342106251077,585.1042398554442,625.2164875031478,544.9919922077406,4,3,1,3.087056787723319,1
2025-03-16,598.1317208937282,84579800057.54492,1728902314.8845716,580.22,1728902314.8845716,84579800057.54492,581.45,1171114786.6400883,84729580165.32867,557.54,1231964549.6775362,81366456635.83466,599.64,883532114.8691314,87538882195.2179,615.6,1573592799.9258971,89723443324.45264,3.087056787723319,2.8299254616392355,4.170783851145987,-0.001840304970121,573.9068291347512,14.665993324658931,1380801390.6379368,83800504451.53679,583.8565056335676,18.495640739333027,1342342378.9668024,84802174600.25429,618.7521734324878,40.269429863379735,1544500891.326051,90113746736.02509,46.50156210447231,-10.399580855120462,-8.670849707625951,-1.7287311474945106,583.8565056335676,620.8477871122336,546.8652241549016,6,3,1,6.578530736921562,1
2025-03-17,637.48,92958836850.61832,1557206014.3599737,598.1317208937282,1728902314.8845716,84579800057.54492,580.22,1728902314.8845716,84579800057.54492,581.45,1171114786.6400883,84729580165.32867,577.1160830495301,883532114.8691314,87538882195.2179,569.29,1575082265.9745924,83025221981.30531,6.578530736921562,3.214509381926693,3.943207193466647,1.4745555006405398,582.5302458419611,28.28796473892173,1477040519.1366286,84574783688.02257,588.727219919282,22.834379439802472,1341065503.8514724,85511718519.49094,619.8255067658212,40.32704797875464,1545869915.3461647,90270437814.26146,64.04840737150904,-5.578019927302989,-8.05228375156136,2.4742638242583705,588.727219919282,634.395978798887,543.058461039677,0,3,1,-0.4909957959465361,0
2025-03-18,634.35,92555650757.55933,1475787819.5330305,637.48,1557206014.3599737,92958836850.61832,598.1317208937282,1728902314.8845716,84579800057.54492,580.22,1728902314.8845716,84579800057.54492,564.46,1039956661.4360776,82276345886.57701,609.2332749266888,1575082265.9745924,83025221981.30531,-0.4909957959465361,2.9438387416907794,3.5341750803594616,1.7176971599684852,592.5145315562469,32.818198970647536,1539302113.150479,86043255812.44861,590.5212717102328,25.410770826466383,1333973043.391361,86192463432.08049,619.5655067658212,40.20310635934758,1561199678.3075514,90232887228.38704,56.09974877324417,-1.9865631328328843,-6.839139627815665,4.85257649498278,590.5212717102328,641.3428133631655,539.6997300573,1,3,1,-2.5632537242846976,0
2025-03-19,618.09,90241584888.9593,1100726082.1315966,634.35,1475787819.5330305,92555650757.55933,637.48,1557206014.3599737,92958836850.61832,598.1317208937282,1728902314.8845716,84579800057.54492,558.43,1881236992.0735807,81532666162.7095,604.71,1772995327.902984,88099491927.97063,-2.5632537242846976,3.2208364599154837,3.610017637022456,1.5041291487694812,601.037388699104,30.127730138052176,1427800554.5873382,87287387059.05574,591.4769859959471,26.22406685855989,1285953811.5505474,86345470072.15111,618.514173432488,39.80016781317249,1554448648.9867775,90081414145.7915,53.074165977391786,-0.4471988279592551,-5.560751467844383,5.113552639885127,591.4769859959471,643.9251197130668,539.0288522788273,2,3,1,2.478603439628513,1
2025-03-20,633.41,92378334776.96008,1567975412.7575078,618.09,1100726082.1315966,90241584888.9593,634.35,1475787819.5330305,92555650757.55933,637.48,1557206014.3599737,92958836850.61832,557.54,1231964549.6775362,81366456635.83466,568.77,1437380019.391853,83109245767.95335,2.478603439628513,3.147246007983864,3.180806490589471,1.8809832675340152,611.8759601276754,25.0988760177953,1475802106.4559057,88860512507.78793,596.09412885309,27.574291552357096,1295282053.9338086,87007547858.50874,615.9915067658213,36.08636061858967,1492501654.691165,89713866851.49629,66.40609137055836,1.9860603719042729,-4.051389099894651,6.037449471798924,596.09412885309,651.2427119578042,540.9455457483757,3,3,1,0.1862932381869741,1
2025-03-21,634.59,92677448785.37189,1247287533.1388352,633.41,1567975412.7575078,92378334776.96008,618.09,1100726082.1315966,90241584888.9593,634.35,1475787819.5330305,92555650757.55933,581.45,1171114786.6400883,84729580165.32867,603.1,1068311661.959186,88020110837.34387,0.1862932381869741,3.0028563694692894,2.8046195677003998,1.2949563667142807,619.467388699104,22.235487804726564,1486683927.384298,89995922310.65125,598.3434145673756,29.41279165428203,1308066044.7323549,87340214854.79646,614.7885067658212,34.778210403140925,1383126716.6956522,89540016237.51447,59.6093988404028,3.9639579174165647,-2.448319696432408,6.412277613848973,598.3434145673756,657.1689978759397,539.5178312588115,4,3,1,-1.9450619067040265,0
2025-03-23,622.246831646247,92677448785.37189,1247287533.1388352,634.59,1247287533.1388352,92677448785.37189,633.41,1567975412.7575078,92378334776.96008,618.09,1100726082.1315966,90241584888.9593,580.22,1728902314.8845716,84579800057.54492,601.9,814799914.9973364,87808738551.706,-1.9450619067040265,3.212002628942964,2.871341375037676,1.0473103965035868,625.471221791425,14.032980250583265,1417881815.7063358,91152729271.7694,599.7967596849646,30.09678381405826,1338958017.4567475,87687979871.48686,613.2791421635012,33.36426177758685,1273751778.7001398,89366165623.53265,55.813607421838135,4.483779226365641,-1.061899911872798,5.545679138238439,599.7967596849646,659.9903273130811,539.6031920568481,6,3,1,1.3022434091492174,1
2025-03-24,630.35,91998938607.93324,723666377.6045334,622.246831646247,1247287533.1388352,92677448785.37189,634.59,1247287533.1388352,92677448785.37189,633.41,1567975412.7575078,92378334776.96008,598.1317208937282,1728902314.8845716,84579800057.54492,599.64,883532114.8691314,87538882195.2179,1.3022434091492174,3.091685381859264,2.877091100390766,0.7923370567072866,630.0738330923211,7.183466668246982,1274276681.8091874,92212606207.53915,601.9903311135361,31.1839757776701,1327539036.2235622,88006555329.53798,612.0491421635012,31.956445923941068,1258203255.9909828,89187594306.08228,58.491103214967225,5.48635602682316,0.2477512758663933,5.238604750956766,601.9903311135361,664.3582826688762,539.6223795581959,0,3,1,0.542555723011029,1
2025-03-25,633.77,92377944845.04591,1454746812.580342,630.35,723666377.6045334,91998938607.93324,622.246831646247,1247287533.1388352,92677448785.37189,634.59,1247287533.1388352,92677448785.37189,637.48,1557206014.3599737,92958836850.61832,577.1160830495301,883532114.8691314,87538882195.2179,0.542555723011029,1.7667649782820234,2.617637830776235,-0.0699450881370752,629.5438330923209,6.664047841313827,1259639652.983526,92129621635.31451,606.0370394671411,31.38309411098439,1368340086.0600772,88352202661.66855,611.3438088301679,31.201968046698905,1270720493.5990796,89084375030.36198,67.51470640072617,6.4821486080726345,1.4946307423076417,4.987517865764993,606.0370394671411,668.8032276891099,543.2708512451723,1,3,1,-0.3187276141186856,0
2025-03-26,631.75,92166463788.44118,1072554551.6522197,633.77,1454746812.580342,92377944845.04591,630.35,723666377.6045334,91998938607.93324,622.246831646247,1247287533.1388352,92677448785.37189,634.35,1475787819.5330305,92555650757.55933,564.46,1039956661.4360776,82276345886.57701,-0.3187276141186856,1.7611133080327426,2.5036163445314337,-0.0453353478759537,629.1724045208923,6.419494003713387,1202034900.4291244,92074023496.86906,610.8434680385698,29.629459479566357,1370668506.7898018,89058639654.65884,610.4921421635012,30.238136766123908,1265601971.956386,88960114292.22827,72.26725063833302,7.027317740298599,2.601168141905833,4.426149598392766,610.8434680385698,670.1023869977025,551.584549079437,2,3,1,0.7455480807281312,1
2025-03-27,636.46,92799083011.37596,1402203548.1867435,631.75,1072554551.6522197,92166463788.44118,633.77,1454746812.580342,92377944845.04591,630.35,723666377.6045334,91998938607.93324,618.09,1100726082.1315966,90241584888.9593,558.43,1881236992.0735807,81532666162.7095,0.7455480807281312,1.3742076475753393,2.4436965524974585,0.427350624268736,631.7966902351782,4.642927397545045,1245103109.865574,92439380371.50002,616.4170394671411,26.145881565665945,1336451832.226456,89863383715.27786,610.0118088301679,29.68399032761971,1283008896.3408637,88888669272.39598,76.04884113048598,7.750087655970901,3.630952044718847,4.119135611252054,616.4170394671411,668.708802598473,564.1252763358092,3,3,1,-1.260094899915154,0
2025-03-28,628.44,91603393914.98335,1690893072.759816,636.46,1402203548.1867435,92799083011.37596,631.75,1072554551.6522197,92166463788.44118,633.77,1454746812.580342,92377944845.04591,633.41,1567975412.7575078,92378334776.96008,557.54,1231964549.6775362,81366456635.83466,-1.260094899915154,1.15279922653464,2.499744623297017,-0.1067491385232163,631.0866902351781,4.734211476950163,1262662775.5801892,92328674534.07478,621.4813251814268,20.011305541949373,1369232441.018047,90594593520.93137,608.8494754968345,28.16907674531441,1315275071.0764608,88717596930.42766,72.59309645733649,7.588268214905156,4.422415278756109,3.1658529361490477,621.4813251814268,661.5039362653255,581.4587140975281,4,3,1,-3.2578316070938307,0
2025-03-30,607.9664830483796,91603393914.98335,1690893072.759816,628.44,1690893072.759816,91603393914.98335,636.46,1402203548.1867435,92799083011.37596,631.75,1072554551.6522197,92166463788.44118,634.59,1247287533.1388352,92677448785.37189,581.45,1171114786.6400883,84729580165.32867,-3.2578316070938307,1.639235206806077,2.5233843109032024,-0.5987669735633313,627.2833306706609,9.621924123792326,1326034995.5260437,92175238124.01929,623.3753596848826,16.95197145718641,1406359461.455171,91085580217.33528,607.0621464521524,26.349883584637052,1347541245.8120575,88546524588.45932,58.638987532781385,5.741795583002045,4.686291339605296,1.055504243396749,623.3753596848826,657.2793025992554,589.4714167705098,6,3,1,-3.0752489766597613,0
2025-03-31,589.27,85876133709.9148,781024663.7074255,607.9664830483796,1690893072.759816,91603393914.98335,628.44,1690893072.759816,91603393914.98335,636.46,1402203548.1867435,92799083011.37596,622.246831646247,1247287533.1388352,92677448785.37189,580.22,1728902314.8845716,84579800057.54492,-3.0752489766597613,1.8375949298140832,2.683244394800111,-0.7602222692712933,622.5723547211971,17.41542644010008,1259426014.1786995,91203621684.66824,624.0217882563111,15.26872540859663,1338653914.9425178,91178175478.21884,605.4221464521524,25.85409578283064,1349099090.676783,88302053886.18593,52.64718437703672,2.7382380859648947,4.296680688877215,-1.5584426029123204,624.0217882563111,654.5592390735044,593.4843374391178,0,3,1,4.576849322042542,1
2025-04-01,616.24,89787246893.72856,916596904.931346,589.27,781024663.7074255,85876133709.9148,607.9664830483796,1690893072.759816,91603393914.98335,628.44,1690893072.759816,91603393914.98335,630.35,723666377.6045334,91998938607.93324,598.1317208937282,1728902314.8845716,84579800057.54492,4.576849322042542,2.6757938336286045,2.834252040966556,-0.2924214245722471,620.5566404354829,17.18016147675366,1286987518.0825298,90887665725.49615,625.3152367639019,13.58047296299572,1280632099.9458585,91550135966.51764,605.7254797854858,25.92822213868917,1316936626.5040855,88342018854.12996,55.03022799443251,2.505271521779491,3.9383988554576703,-1.4331273336781791,625.3152367639019,652.4761826898933,598.1542908379105,1,4,2,-2.226405296637679,0
2025-04-02,602.52,87863045828.12164,1697681882.876937,616.24,916596904.931346,89787246893.72856,589.27,781024663.7074255,85876133709.9148,607.9664830483796,1690893072.759816,91603393914.98335,633.77,1454746812.580342,92377944845.04591,637.48,1557206014.3599737,92958836850.61832,-2.226405296637679,2.7357825258972137,2.235598416750813,-0.6879872845220625,616.0923547211971,17.234492009002626,1321692528.1249006,90242680151.64984,622.818093906759,14.363204690963936,1290666090.554213,91186150893.48218,604.8841464521524,25.59595075812681,1333097246.2526698,88217294569.57938,38.676287607238365,1.1997248230954938,3.390664048985235,-2.1909392258897413,622.818093906759,651.5445032886869,594.0916845248312,2,4,2,-0.6671977693686437,0
2025-04-03,598.5,87443308406.60175,1864902496.7868683,602.52,1697681882.876937,87863045828.12164,616.24,916596904.931346,89787246893.72856,589.27,781024663.7074255,85876133709.9148,631.75,1072554551.6522197,92166463788.44118,634.35,1475787819.5330305,92555650757.55933,-0.6671977693686437,2.731109918571255,2.2367733080733587,-0.7377687352720566,611.3423547211971,16.775765644772036,1434885091.7155647,89567943668.52992,620.2573796210447,15.313404542578548,1318459996.0723443,90820983582.6995,604.3141464521524,25.539427915868018,1342807569.4813688,88141290072.31767,38.45457751990526,-0.1574952379600063,2.681032191596187,-2.8385274295561933,620.2573796210447,650.8841887062018,589.6305705358876,3,4,2,0.0317460317460494,1
2025-04-04,598.69,87394937361.16124,785795171.9781505,598.5,1864902496.7868683,87443308406.60175,602.52,1697681882.876937,87863045828.12164,616.24,916596904.931346,89787246893.72856,636.46,1402203548.1867435,92799083011.37596,618.09,1100726082.1315966,90241584888.9593,0.0317460317460494,2.6793315366694723,2.1487546335411496,-0.8397404565552111,605.9466404354828,12.999664898743278,1346826752.257194,88795922861.3564,618.8716653353305,16.366184967450263,1295964931.0613842,90617651616.4282,605.2941464521524,24.69939072153621,1316497999.681487,88286947251.64622,43.03092514002714,-1.2038927759613216,1.9040471980846851,-3.107939974046007,618.8716653353305,651.604035270231,586.13929540043,4,4,2,-1.7419974254812898,0
2025-04-06,588.2608356133861,87394937361.16124,785795171.9781505,598.69,785795171.9781505,87394937361.16124,598.5,1864902496.7868683,87443308406.60175,602.52,1697681882.876937,87863045828.12164,628.44,1690893072.759816,91603393914.98335,633.41,1567975412.7575078,92378334776.96008,-1.7419974254812898,2.698057911402211,2.0362306896781543,-0.9085836744932304,600.2067598088237,9.917665932788028,1217527052.1455276,88194714782.23894,615.646725022001,17.676869928622633,1240094913.8628583,90261694658.15686,604.5950651417091,24.88019061288481,1290188429.881606,88432604430.97475,33.19036601420798,-2.8419564644846105,0.9548464655708262,-3.7968029300554367,615.646725022001,651.0004648792462,580.2929851647557,6,4,2,-7.954096683080525,0
2025-04-07,541.47,79040586508.4252,1525326140.4405663,588.2608356133861,785795171.9781505,87394937361.16124,598.69,785795171.9781505,87394937361.16124,598.5,1864902496.7868683,87443308406.60175,607.9664830483796,1690893072.759816,91603393914.98335,634.59,1247287533.1388352,92677448785.37189,-7.954096683080525,3.756032611144632,2.830269385806029,-1.5794786853484726,590.7072622304837,23.62297982094658,1193874633.2427778,86400028009.87349,608.9952964505723,25.699581462741016,1259954814.3844106,89287633066.94638,602.487065141709,27.419564737983976,1281932790.2995253,88130640916.98991,24.11986656384552,-7.825554999130873,-0.8012338273695135,-7.024321171761359,608.9952964505723,660.3944593760543,557.5961335250902,0,4,2,3.0380261140968035,1
2025-04-08,557.92,81444714698.48569,1492084536.993581,541.47,1525326140.4405663,79040586508.4252,588.2608356133861,785795171.9781505,87394937361.16124,598.69,785795171.9781505,87394937361.16124,589.27,781024663.7074255,85876133709.9148,622.246831646247,1247287533.1388352,92677448785.37189,3.0380261140968035,4.04952325623086,3.0212401213242392,-0.706153672383249,586.2286908019123,26.71081766279579,1295454615.1408,85766968151.0979,604.4005227615546,28.720946289058027,1277440314.6597495,88485294917.88309,602.1253984750424,27.94613174912005,1283756274.2195828,88075156548.00763,32.521133617300976,-10.328652939390508,-2.7067176497737124,-7.621935289616796,604.4005227615546,661.8424153396707,546.9586301834386,1,4,2,0.1003728133065706,1
2025-04-09,558.48,81468613594.63686,1060631213.085354,557.92,1492084536.993581,81444714698.48569,541.47,1525326140.4405663,79040586508.4252,588.2608356133861,785795171.9781505,87394937361.16124,616.24,916596904.931346,89787246893.72856,630.35,723666377.6045334,91998938607.93324,0.1003728133065706,3.373166273320036,2.9756868493609474,-1.345650316488388,577.9772622304837,24.743737687348933,1316030944.8770869,84578591965.51338,599.2669513329832,30.115131754626784,1301509231.4798083,87733128845.50476,600.638065141709,29.057735784667923,1283500259.2571218,87856773306.58408,29.63676545588487,-12.127391747977072,-4.590852469414385,-7.536539278562687,599.2669513329832,659.4972148422368,539.0366878237297,2,4,2,3.5668242372152825,1
2025-04-10,578.4,84381597878.29329,1088845473.9114852,558.48,1060631213.085354,81468613594.63686,557.92,1492084536.993581,81444714698.48569,541.47,1525326140.4405663,79040586508.4252,602.52,1697681882.876937,87863045828.12164,633.77,1454746812.580342,92377944845.04591,3.5668242372152825,3.804201185223887,3.1845757614428547,-0.5180460973665362,574.5315479447694,22.316800210712422,1229054315.0248797,84081242258.39503,595.3119513329832,28.844351571302195,1275373421.57489,87161961205.02245,599.8547318083758,29.33794705657795,1292635111.2209268,87742535284.13698,35.65321034357673,-11.809396321678946,-6.034561239867298,-5.7748350818116485,595.3119513329832,653.0006544755876,537.6232481903788,3,4,2,0.8834716459197756,1
2025-04-11,583.51,85103099543.08423,911795858.047514,578.4,1088845473.9114852,84381597878.29329,558.48,1060631213.085354,81468613594.63686,557.92,1492084536.993581,81444714698.48569,598.5,1864902496.7868683,87443308406.60175,631.75,1072554551.6522197,92166463788.44118,0.8834716459197756,3.839057499447082,3.208946495429571,-0.2965218951824762,572.3901193733409,20.25776938595664,1092896223.7764,83746926706.46397,591.866237047269,26.977610996269977,1263890657.7459824,86657435187.49695,599.317065141709,29.48943152136642,1293577235.993539,87661342529.06587,37.69764357849638,-11.018039263221112,-7.031256844538061,-3.986782418683052,591.866237047269,645.8214590398089,537.9110150547291,4,4,2,1.2594867017914346,1
2025-04-13,590.8592308536232,85103099543.08423,911795858.047514,583.51,911795858.047514,85103099543.08423,578.4,1088845473.9114852,84381597878.29329,558.48,1060631213.085354,81468613594.63686,598.69,785795171.9781505,87394937361.16124,636.46,1402203548.1867435,92799083011.37596,1.2594867017914346,3.884332686550275,3.2273893833446445,-0.1211303708902783,571.2714380667156,18.72132271770012,1110896321.7863097,83419521303.88155,588.6090392510993,23.737618761855177,1228861537.0217516,86107722082.61897,599.7751700685122,29.23833461660013,1294519360.766152,87580149773.99474,38.52517723635031,-9.686205040912796,-7.562246483813007,-2.1239585570997885,588.6090392510993,636.0842767748096,541.1338017273889,6,4,2,-0.0354112862586464,0
2025-04-14,590.65,86138084867.18318,559952432.290931,590.8592308536232,911795858.047514,85103099543.08423,583.51,911795858.047514,85103099543.08423,578.4,1088845473.9114852,84381597878.29329,588.2608356133861,785795171.9781505,87394937361.16124,628.44,1690893072.759816,91603393914.98335,-0.0354112862586464,3.81864543937848,3.221222826010093,0.1226676489986707,571.6127472648034,19.100615765048325,1078633073.2595637,83239970947.59895,585.9097535368135,20.83049384129053,1148080062.7025456,85717342864.91895,600.6481700685122,28.52994177038632,1278519219.7946477,87708874406.68161,40.10154944358131,-8.549051857445534,-7.759607558539513,-0.7894442989060204,585.9097535368135,627.5707412193946,544.2487658542324,0,4,2,-0.4181833573182136,0
2025-04-15,588.18,85857568798.81184,510090935.7886213,590.65,559952432.290931,86138084867.18318,590.8592308536232,911795858.047514,85103099543.08423,583.51,911795858.047514,85103099543.08423,541.47,1525326140.4405663,79040586508.4252,607.9664830483796,1690893072.759816,91603393914.98335,-0.4181833573182136,1.5512285464770583,3.1145904589957234,1.199226695536144,578.2856044076605,14.394447013827053,933599472.595,84213825560.51134,584.4964333190721,19.867858123619406,1063737052.9188888,85306926785.1924,601.6398367351788,27.51071831425205,1232814351.2518153,87853037827.88503,44.27755751770406,-7.757731820741014,-7.7592324109798145,0.0015005902388001,584.4964333190721,624.2321495663109,544.7607170718334,1,4,2,-1.7562650889183409,0
2025-04-16,577.85,84325232392.51485,529422555.618072,588.18,510090935.7886213,85857568798.81184,590.65,559952432.290931,86138084867.18318,590.8592308536232,911795858.047514,85103099543.08423,557.92,1492084536.993581,81444714698.48569,589.27,781024663.7074255,85876133709.9148,-1.7562650889183409,1.6587145819785525,3.0396526862526474,0.5143279522482661,581.1327472648032,11.342317371764796,796076332.3984988,84625328088.22978,583.6807190333578,19.89121550087308,1045765473.7696494,85196148119.66383,602.3168367351789,26.62366066220732,1209396284.7831664,87951663686.44102,46.52926489784431,-7.873390118813063,-7.782063952546465,-0.0913261662665982,583.6807190333578,623.463150035104,543.8982880316116,2,4,2,2.5153759304622936,1
2025-04-20,592.3850998141763,84325232392.51485,529422555.618072,577.85,529422555.618072,84325232392.51485,588.18,510090935.7886213,85857568798.81184,590.65,559952432.290931,86138084867.18318,558.48,1060631213.085354,81468613594.63686,616.24,916596904.931346,89787246893.72856,2.5153759304622936,1.803129750832751,2.839202550387859,0.8593283975562266,585.9763329525427,6.070903326825951,720189381.3317442,85033416487.92664,581.9767975915132,17.799305291372608,1018110163.1044157,84806004226.72,602.681340062318,26.40205618122817,1188006543.7490995,87938185427.34723,42.15730485688835,-6.714785209119668,-7.568608203861106,0.8538229947414377,581.9767975915132,617.5754081742584,546.378187008768,6,4,2,2.006279393177146,1
2025-04-21,604.27,88154938595.50174,503958946.5926448,592.3850998141763,529422555.618072,84325232392.51485,577.85,529422555.618072,84325232392.51485,588.18,510090935.7886213,85857568798.81184,578.4,1088845473.9114852,84381597878.29329,602.52,1697681882.876937,87863045828.12164,2.006279393177146,1.480130862715496,2.8371296609101537,0.6363934198364928,589.672047238257,8.193335784709245,636634163.1433384,85572465161.81355,582.1017975915132,17.96009134281853,932844239.084109,84826853710.1043,603.4830067289846,26.059428439344565,1147175098.1393683,88057356711.9458,50.582368691204906,-4.782441345287225,-7.0113748321463305,2.228933486859105,582.1017975915132,618.0219802771503,546.1816149058761,0,4,2,0.1539047114700542,1
2025-04-22,605.2,88305126755.89899,614066760.7277606,604.27,503958946.5926448,88154938595.50174,592.3850998141763,529422555.618072,84325232392.51485,577.85,529422555.618072,84325232392.51485,583.51,911795858.047514,85103099543.08423,598.5,1864902496.7868683,87443308406.60175,0.1539047114700542,1.485509657511176,2.8294354149695224,0.5321695720579612,592.7706186668285,9.475608900440646,594101434.9548023,86029897620.7871,582.5803690200847,18.511457859833943,843498829.3656012,84888412163.62552,603.7186160325272,26.04132456007971,1110013913.000808,88181534268.5576,52.27645760980055,-3.139807932366807,-6.237061452190426,3.097253519823619,582.5803690200847,619.6032847397527,545.5574533004168,1,4,2,1.13020489094513,1
2025-04-23,612.04,89308693535.58519,1090189063.220883,605.2,614066760.7277606,88305126755.89899,604.27,503958946.5926448,88154938595.50174,592.3850998141763,529422555.618072,84325232392.51485,590.8592308536232,911795858.047514,85103099543.08423,598.69,785795171.9781505,87394937361.16124,1.13020489094513,1.4757315703849128,2.8420669810510613,0.5137007419370605,595.7964428305967,11.84827241067272,619586178.5509979,86630696762.57295,583.5339404486562,19.71017387786866,865241250.1686535,85025109033.22725,602.8706160325271,25.307902693927577,1094446681.2961717,88059862824.72316,54.33981324948488,-1.2714221195957407,-5.243933585671489,3.972511466075749,583.5339404486562,622.9542882043935,544.1135926929188,2,4,2,-2.457355728383759,0
2025-04-24,597.0,87082505935.8348,970777396.0649714,612.04,1090189063.220883,89308693535.58519,605.2,614066760.7277606,88305126755.89899,604.27,503958946.5926448,88154938595.50174,590.65,559952432.290931,86138084867.18318,588.2608356133861,785795171.9781505,87394937361.16124,-2.457355728383759,1.8598557732128405,2.885691483100542,0.1677086787763302,596.7035856877394,11.629643686241424,678275459.0901464,86765614058.0946,584.1581664762714,20.00753399235449,878454266.174855,85002792502.84679,601.625616032527,24.61512010226829,1077613000.5139031,87877424663.99901,52.75823859038027,-0.9928700199079684,-4.393720872518785,3.4008508526108168,584.1581664762714,624.1732344609803,544.1430984915625,3,4,2,1.7420435510887788,1
2025-04-25,607.4,88645097399.4666,824243665.4289268,597.0,970777396.0649714,87082505935.8348,612.04,1090189063.220883,89308693535.58519,605.2,614066760.7277606,88305126755.89899,588.18,510090935.7886213,85857568798.81184,541.47,1525326140.4405663,79040586508.4252,1.7420435510887788,1.9245340330915863,1.7206878016882514,0.4763125228344719,599.4492999734538,11.550474818562352,723154420.467333,87163832429.61671,588.8674521905571,16.667191344799026,828376946.5311664,85688828995.06404,601.2692826991937,24.44534957485269,1068396919.9571476,87824208414.34926,77.01418959052768,0.0663131923249693,-3.5017140595500345,3.568027251875004,588.8674521905571,622.2018348801552,555.533069500959,4,4,2,-1.117369262303869,0
2025-04-27,600.6130991007662,88645097399.4666,824243665.4289268,607.4,824243665.4289268,88645097399.4666,597.0,970777396.0649714,87082505935.8348,612.04,1090189063.220883,89308693535.58519,577.85,529422555.618072,84325232392.51485,557.92,1492084536.993581,81444714698.48569,-1.117369262303869,1.8129209282744692,1.6695928712083887,0.567583355207968,602.7011712735632,6.599025327066641,765271721.8688835,87780956002.0384,591.9169592691833,14.308042363408177,780674027.1336912,86203142045.13408,600.1760526692193,23.679780892667253,1043605861.7128614,87699767168.43282,68.997446415175,0.3539966835393215,-2.730571910932164,3.084568594471485,591.9169592691833,620.5330439959996,563.300874542367,6,4,2,0.7237439386090561,1
2025-04-28,604.96,88257632593.30545,563808318.5687877,600.6130991007662,824243665.4289268,88645097399.4666,607.4,824243665.4289268,88645097399.4666,597.0,970777396.0649714,87082505935.8348,592.3850998141763,529422555.618072,84325232392.51485,558.48,1060631213.085354,81468613594.63686,0.7237439386090561,1.606861348793027,1.665245798454022,0.3116359278003626,604.4975855858237,4.784942664141439,770183973.7189858,88342727459.29419,595.2369592691832,10.951424416966203,745186677.525365,86688071973.61043,599.1883860025525,22.796347626744307,1020823221.2271932,87552439962.0306,70.00821964081378,0.9221169072666272,-2.0000341472924053,2.9221510545590323,595.2369592691832,617.1398081031156,573.3341104352509,0,4,2,0.2777043110288257,1
2025-04-29,606.64,88501526799.64067,685992092.4053131,604.96,563808318.5687877,88257632593.30545,600.6130991007662,824243665.4289268,88645097399.4666,607.4,824243665.4289268,88645097399.4666,604.27,503958946.5926448,88154938595.50174,578.4,1088845473.9114852,84381597878.29329,0.2777043110288257,1.425628640808872,1.4272932052941305,0.0646966303506025,604.8361570143952,4.84956678189238,796188708.8350813,88392240059.88547,597.2541021263261,10.185661430422757,716411435.9892099,86982352610.8495,598.668158281011,22.427081856739324,1002113373.2027425,87413242562.50621,64.4210740252941,1.4907339838932785,-1.3018805210552686,2.792614504948548,597.2541021263261,617.6254249871715,576.8827792654806,1,4,2,-0.9165238032440848,0
2025-04-30,601.08,87693365048.51302,761997268.2829365,606.64,685992092.4053131,88501526799.64067,604.96,563808318.5687877,88257632593.30545,600.6130991007662,824243665.4289268,88645097399.4666,605.2,614066760.7277606,88305126755.89899,583.51,911795858.047514,85103099543.08423,-0.9165238032440848,1.4711474781257785,1.4563701413437478,-0.0882217288942744,604.2475855858238,5.044158458803455,817321638.4858208,88304845530.2589,598.5091021263262,9.415236772865416,705711536.7203114,87167371575.52298,597.6924916143445,21.62355527571468,1003391069.5586892,87269723443.85887,58.93127067931872,1.4757105084993327,-0.7463623151443484,2.222072823643681,598.5091021263262,617.339575672057,579.6786285805954,2,4,2,-1.2319898967338982,0
2025-05-04,593.6747551287119,87693365048.51302,761997268.2829365,601.08,761997268.2829365,87693365048.51302,606.64,685992092.4053131,88501526799.64067,604.96,563808318.5687877,88257632593.30545,612.04,1090189063.220883,89308693535.58519,590.8592308536232,911795858.047514,85103099543.08423,-1.2319898967338982,1.414929554383882,1.4719785266775918,-0.4256781271341356,601.6239791756398,5.091513439845979,770437096.3518285,88074084317.82002,598.7102110031182,9.26818810123514,695011637.451413,87352390540.19649,596.3559834519681,20.52814225869449,980299418.082109,87113570783.97444,51.43038688846179,0.8563909809683992,-0.4258116559217988,1.282202636890198,598.7102110031182,617.2465872055884,580.1738348006479,6,5,2,-0.024382901152764,0
2025-05-05,593.53,86589430038.39066,591551368.1770703,593.6747551287119,761997268.2829365,87693365048.51302,601.08,761997268.2829365,87693365048.51302,606.64,685992092.4053131,88501526799.64067,597.0,970777396.0649714,87082505935.8348,590.65,559952432.290931,86138084867.18318,-0.024382901152764,1.0954341186128262,1.4719357038335437,-0.0781105803868507,601.1282648899254,5.743869798261875,716261949.5106995,88003644903.89943,598.9159252888325,9.10606799514046,697268704.300423,87384629480.99702,595.0819834519681,19.411418261062327,964265978.6329372,86927669658.97275,51.46410202114061,0.3498622698606368,-0.2706768707653118,0.6205391406259486,598.9159252888325,617.1280612791134,580.7037892985516,0,5,2,0.5138746145940454,1
2025-05-06,596.58,87018704288.43825,769470001.7925094,593.53,591551368.1770703,86589430038.39066,593.6747551287119,761997268.2829365,87693365048.51302,601.08,761997268.2829365,87693365048.51302,607.4,824243665.4289268,88645097399.4666,588.18,510090935.7886213,85857568798.81184,0.5138746145940454,0.8187241391038351,1.4704619420168312,-0.253563285600384,599.5825506042112,5.205440506541878,708437140.4197829,87771303030.89537,599.5159252888325,8.607343114882921,715795780.4435579,87467567730.25606,593.7526501186348,17.776758941116956,943174860.4197962,86734990368.20818,54.24526291687005,0.1923270999629949,-0.1780760766196504,0.3704031765826453,599.5159252888325,616.7306115185983,582.3012390590667,1,5,2,1.476750812967231,1
2025-05-07,605.39,88319123409.85835,790441767.2481664,596.58,769470001.7925094,87018704288.43825,593.53,591551368.1770703,86589430038.39066,593.6747551287119,761997268.2829365,87693365048.51302,600.6130991007662,824243665.4289268,88645097399.4666,577.85,529422555.618072,84325232392.51485,1.476750812967231,0.9405964534377096,1.4070955589726748,0.1170252965812016,600.2649650183874,5.656622629788948,703608297.8225315,87724735318.09421,601.4830681459753,6.0385934574113485,734440009.8457075,87752845660.0663,592.9843167853014,16.69078538079248,913159816.9027412,86625514684.70401,64.13557395951733,0.7695023702715389,0.0114396127585874,0.7580627575129515,601.4830681459753,613.560255060798,589.4058812311525,2,5,2,1.8731726655544456,1
2025-05-08,616.73,89923365079.55273,906856106.2063528,605.39,790441767.2481664,88319123409.85835,596.58,769470001.7925094,87018704288.43825,593.53,591551368.1770703,86589430038.39066,604.96,563808318.5687877,88257632593.30545,592.3850998141763,529422555.618072,84325232392.51485,1.8731726655544456,1.1427696827035585,1.33965528289589,0.281229400430543,601.946393589816,8.379020295122734,752615124.627898,87962697101.84383,603.2219895878198,6.6875428196055005,761399549.1734418,88152712280.569,593.2764340170221,17.03517595355508,887025251.3509592,86569513723.52298,62.91935659964975,2.1175513442138936,0.4326619590496487,1.6848893851642448,603.2219895878198,616.5970752270308,589.8469039486089,3,5,2,2.3348953350736945,1
2025-05-09,631.13,92073218172.22997,1397537535.0464792,616.73,906856106.2063528,89923365079.55273,605.39,790441767.2481664,88319123409.85835,596.58,769470001.7925094,87018704288.43825,606.64,685992092.4053131,88501526799.64067,604.27,503958946.5926448,88154938595.50174,2.3348953350736945,1.3813333061132562,1.3743483033251014,0.5751138324369529,605.4449650183875,13.935690476384355,854264473.576636,88472938726.49942,605.1405610163913,10.029295041195867,825226591.2058586,88432589393.19246,594.6717673503555,18.35864135913827,907575680.3955942,86776083205.60014,63.88346136542808,4.298301379704753,1.2057898431806695,3.092511536524084,605.1405610163913,625.1991510987831,585.0819709339995,4,5,2,4.282252230141093,1
2025-05-11,658.1565785000895,92073218172.22997,1397537535.0464792,631.13,1397537535.0464792,92073218172.22997,616.73,906856106.2063528,89923365079.55273,605.39,790441767.2481664,88319123409.85835,601.08,761997268.2829365,87693365048.51302,605.2,614066760.7277606,88305126755.89899,4.282252230141093,1.7844393884743948,1.7322749537460178,1.3177961229205497,613.5987619469716,24.011425266894456,945055940.257142,89098632029.88756,608.9231737663977,17.360450665701865,881188789.3714813,88701738780.07324,596.0689866336918,21.39990138501834,923607034.7327654,86852282248.21686,71.55679172016357,8.11384910689469,2.587401695923474,5.526447410971217,608.9231737663977,643.6440750978014,574.2022724349939,6,5,2,1.5761327682161983,1
2025-05-12,668.53,97535567508.0772,802681532.5007424,658.1565785000895,1397537535.0464792,92073218172.22997,631.13,1397537535.0464792,92073218172.22997,616.73,906856106.2063528,89923365079.55273,593.6747551287119,761997268.2829365,87693365048.51302,612.04,1090189063.220883,89308693535.58519,1.5761327682161983,1.3870931899579777,1.7465222788576793,1.7189565036277064,624.2923683571556,29.662809487186564,950867978.0025429,90504660952.68243,612.9581737663976,23.588344894140256,860652537.1771857,89289372635.25124,598.2693199670251,25.1508939175155,893773689.7202256,87174699637.54872,72.35212901005212,11.83828224235674,4.437577805210127,7.400704437146613,612.9581737663976,660.1348635546782,565.7814839781171,0,5,2,-2.711920183088268,0
2025-05-13,650.4,94968953918.27065,1817163768.659476,668.53,802681532.5007424,97535567508.0772,658.1565785000895,1397537535.0464792,92073218172.22997,631.13,1397537535.0464792,92073218172.22997,593.53,591551368.1770703,86589430038.39066,597.0,970777396.0649714,87082505935.8348,-2.711920183088268,2.1254710997516244,1.782283080668874,1.3350226062083486,632.4166540714414,27.54557010520433,1125955463.7857437,91701735792.6653,616.7724594806833,25.07967975747839,921108706.6482216,89852690348.28236,599.9993199670251,26.892008855392145,892182398.7826458,87425554487.9377,70.62511848170077,13.175108405554964,6.185083925279095,6.990024480275871,616.7724594806833,666.9318189956401,566.6130999657265,1,5,2,0.7948954489545024,1
2025-05-14,655.57,95620654297.98804,1426861719.7981849,650.4,1817163768.659476,94968953918.27065,668.53,802681532.5007424,97535567508.0772,658.1565785000895,1397537535.0464792,92073218172.22997,596.58,769470001.7925094,87018704288.43825,607.4,824243665.4289268,88645097399.4666,0.7948954489545024,2.109973770829333,1.7545211003970906,1.375168439688414,640.8437969285842,23.47780899073552,1219868566.3579829,92930585794.02956,620.2131737663977,26.93088207884117,964152853.388883,90350944412.46243,601.8953199670251,28.738275419561976,913551283.7099802,87699745052.49857,69.3883938917551,14.484757298026013,7.845018599828479,6.639738698197532,620.2131737663977,674.0749379240801,566.3514096087154,2,5,2,-0.960418763834192,0
2025-05-15,649.2737827099322,95620654297.98804,1426861719.7981849,655.57,1426861719.7981849,95620654297.98804,650.4,1817163768.659476,94968953918.27065,668.53,802681532.5007424,97535567508.0772,605.39,790441767.2481664,88319123409.85835,600.6130991007662,824243665.4289268,88645097399.4666,-0.960418763834192,2.284295743672238,1.7434397897300502,1.0270013572882104,647.1129087442888,17.541501707609935,1310785702.4365573,93973661635.19092,623.6889368813381,27.3436314904502,1007197000.129544,90849198476.64256,603.9290848702433,29.876469420779223,934920168.6373148,87973935617.05948,69.6635647437249,14.843504682970432,9.244715816456871,5.598788866513562,623.6889368813381,678.3761998622385,569.0016739004377,3,5,2,0.9004240500312344,1
2025-05-16,655.12,95573441368.7758,1023406190.0305696,649.2737827099322,1426861719.7981849,95620654297.98804,655.57,1426861719.7981849,95620654297.98804,650.4,1817163768.659476,94968953918.27065,616.73,906856106.2063528,89923365079.55273,604.96,563808318.5687877,88257632593.30545,0.9004240500312344,2.253622309194351,1.7452610918954865,0.8880372693563233,652.5971944585746,11.377436229884369,1327435714.4114451,94780815390.79422,627.2717940241953,27.97964496103229,1040025419.5196716,91371756246.31902,607.7174182035767,28.87208874837799,918189503.6236482,88525030779.07115,70.02676070627007,15.42178273496404,10.480129200158306,4.941653534805734,627.2717940241953,683.2310839462599,571.3125041021307,4,5,2,-1.43880213764902,0
2025-05-18,645.6941194358337,95573441368.7758,1023406190.0305696,655.12,1023406190.0305696,95573441368.7758,649.2737827099322,1426861719.7981849,95620654297.98804,655.57,1426861719.7981849,95620654297.98804,631.13,1397537535.0464792,92073218172.22997,606.64,685992092.4053131,88501526799.64067,-1.43880213764902,2.3006979192396493,1.8268678654024717,0.3489376303959354,654.6777829494079,7.451916963221696,1273988379.4091723,95280847276.01506,630.0613739838976,27.709972486847388,1064126426.492904,91876893001.25723,610.6432221847712,28.088508425052545,902566892.0582144,88995988334.7475,64.68439399064953,14.947180676735345,11.373539495473713,3.57364118126163,630.0613739838976,685.4813189575924,574.6414290102028,6,5,2,-0.8865063601376844,0
2025-05-19,639.97,93363804546.19528,1032474128.1840272,645.6941194358337,1023406190.0305696,95573441368.7758,655.12,1023406190.0305696,95573441368.7758,649.2737827099322,1426861719.7981849,95620654297.98804,658.1565785000895,1397537535.0464792,92073218172.22997,601.08,761997268.2829365,87693365048.51302,-0.8865063601376844,1.5274184561087858,1.8251422745652703,-0.3894564539296041,652.079700306538,9.038372137998747,1221836464.143108,95465216758.01012,632.8392311267547,26.504257198145236,1083446202.200125,92281924393.94884,613.3595555181043,26.779861840554105,901628322.5615036,89392494699.79942,64.60466008550898,13.9483783037349,11.88850725712595,2.059871046608949,632.8392311267547,685.8477455230452,579.8307167304642,0,5,2,1.2219322780755215,1
2025-05-20,647.79,94514822022.9652,744275797.8102038,639.97,1032474128.1840272,93363804546.19528,645.6941194358337,1023406190.0305696,95573441368.7758,655.12,1023406190.0305696,95573441368.7758,668.53,802681532.5007424,97535567508.0772,593.6747551287119,761997268.2829365,87693365048.51302,1.2219322780755215,1.4556300426382132,1.766613414206871,-0.4400565239497007,649.1168431636809,5.423598697698839,1213492787.7587452,95033681688.7084,636.7046057604183,24.19897814118888,1082180382.880644,92769171320.69542,615.6725555181043,26.652589264765968,890142666.691461,89730268837.95517,70.25920318825905,13.630702617723273,12.236946329245416,1.3937562884778565,636.7046057604183,685.1025620427961,588.3066494780405,1,5,2,0.4986183794130738,1
2025-05-21,651.02,94975973268.22008,1024252827.9811916,647.79,744275797.8102038,94514822022.9652,639.97,1032474128.1840272,93363804546.19528,645.6941194358337,1023406190.0305696,95573441368.7758,650.4,1817163768.659476,94968953918.27065,593.53,591551368.1770703,86589430038.39066,0.4986183794130738,1.0770631944298827,1.756999627255012,0.0185918421219194,649.2054145922523,5.453028779088488,1100219796.233276,95034684452.9869,640.8110343318468,20.97156024991621,1113087630.0095098,93368210122.8261,617.9228888514377,26.69337175352544,893891232.3559169,90059364628.79303,71.03665679576439,13.484139586030778,12.48638498060249,0.9977546054282892,640.8110343318468,682.7541548316792,598.8679138320144,2,5,2,5.26097508525083,1
2025-05-22,685.27,99961961455.93532,1667839502.8562677,651.02,1024252827.9811916,94975973268.22008,647.79,744275797.8102038,94514822022.9652,639.97,1032474128.1840272,93363804546.19528,655.57,1426861719.7981849,95620654297.98804,596.58,769470001.7925094,87018704288.43825,5.26097508525083,2.2726972195246486,2.139554729197477,0.6566032187356805,653.4482717351094,14.790462316814798,1134645193.813002,95654871189.8365,647.1460343318467,19.953496881351292,1177256880.0854926,94292728491.93304,621.0699144896503,28.86928056888942,919092687.1828752,90554660025.88808,76.42061294626161,15.94783932375276,13.178675849232544,2.769163474520216,647.1460343318467,687.0530280945493,607.2390405691442,3,5,2,0.053993316502976,1
2025-05-23,685.64,100021125411.49792,893991311.2157553,685.27,1667839502.8562677,99961961455.93532,651.02,1024252827.9811916,94975973268.22008,647.79,744275797.8102038,94514822022.9652,649.2737827099322,1426861719.7981849,95620654297.98804,605.39,790441767.2481664,88319123409.85835,0.053993316502976,2.1829754144015165,2.149745600161,0.8015192302124188,658.6434456336905,18.896643619412043,1058520849.7297976,96283509920.3379,652.8781771889898,18.509999411494995,1184653276.083177,95128585777.76442,624.2362478229837,30.57651803450353,930227316.4803694,91017428044.0319,75.1721374931875,17.72586231685409,14.088113142756852,3.637749174097237,652.8781771889898,689.8981760119798,615.8581783659997,4,5,2,-3.867774480903785,0
2025-05-25,659.1209910491312,100021125411.49792,893991311.2157553,685.64,893991311.2157553,100021125411.49792,685.27,1667839502.8562677,99961961455.93532,651.02,1024252827.9811916,94975973268.22008,655.12,1023406190.0305696,95573441368.7758,616.73,906856106.2063528,89923365079.55273,-3.867774480903785,2.8028810163898137,2.475610986207076,0.120348011507416,659.2150157835665,18.83270813377186,1040033009.89911,96918893355.0125,655.9061051210704,15.337200029580169,1183734362.1552775,95849854372.90337,626.6009475246213,30.43473421807964,943023995.661274,91489546597.7881,62.14074938084783,16.801419647939838,14.630774443793452,2.170645204146385,655.9061051210704,686.5805051802307,625.23170506191,6,5,2,2.1876118568030734,1
2025-05-26,673.54,98261728842.37256,722694109.908648,659.1209910491312,893991311.2157553,100021125411.49792,685.64,893991311.2157553,100021125411.49792,685.27,1667839502.8562677,99961961455.93532,645.6941194358337,1023406190.0305696,95573441368.7758,631.13,1397537535.0464792,92073218172.22997,2.1876118568030734,2.801808512608287,2.467532639616944,0.6384071535720007,663.1929987213044,18.437486591612625,997074141.3102642,97302934422.66916,658.9353908353562,14.214329222528404,1135531260.359718,96291890849.34212,629.790614191288,30.16238747080705,949466380.804293,91954096479.45,62.14487116074426,17.035906366119775,15.111800828258716,1.9241055378610576,658.9353908353562,687.364049280413,630.5067323902994,0,5,2,1.2590195088636236,1
2025-05-27,682.02,99498272741.86806,804080621.9670262,673.54,722694109.908648,98261728842.37256,659.1209910491312,893991311.2157553,100021125411.49792,685.64,893991311.2157553,100021125411.49792,639.97,1032474128.1840272,93363804546.19528,658.1565785000895,1397537535.0464792,92073218172.22997,1.2590195088636236,2.723446728914127,2.2314688453340947,0.9449108491436162,669.2001415784473,16.34112104115843,964446497.5649782,98179287022.051,660.6399209424926,15.48753774299348,1093141480.8540432,96822251890.03056,632.7784441974821,30.76285338991646,958621649.6825916,92459864491.09514,57.64589205350202,17.70194688473805,15.629830039554584,2.072116845183464,660.6399209424926,691.6149964284796,629.6648454565056,1,5,2,0.1304947069000972,1
2025-05-28,682.91,99638784087.5968,1011950491.7771147,682.02,804080621.9670262,99498272741.86806,673.54,722694109.908648,98261728842.37256,659.1209910491312,893991311.2157553,100021125411.49792,647.79,744275797.8102038,94514822022.9652,668.53,802681532.5007424,97535567508.0772,0.1304947069000972,2.7361569376487864,2.1999901344982358,0.7889911961185555,674.2172844355902,13.87778452346106,1002685739.5602512,98911281602.71266,661.6670637996355,16.49513328888859,1108089263.6594982,96972481645.71054,635.3997775308155,31.58925022048611,975554701.1887404,92842659340.83163,54.90549075768815,18.093039064456093,16.12247184453489,1.970567219921204,661.6670637996355,694.6573303774127,628.6767972218582,2,5,2,0.8610212180228727,1
2025-05-29,688.79,100496027767.69624,909052744.6991664,682.91,1011950491.7771147,99638784087.5968,682.02,804080621.9670262,99498272741.86806,673.54,722694109.908648,98261728842.37256,651.02,1024252827.9811916,94975973268.22008,650.4,1817163768.659476,94968953918.27065,0.8610212180228727,2.733173930811404,2.0408842028730487,0.8407630302056698,679.6129987213044,10.214461356672391,986228584.8056762,99699860816.92355,664.4092066567783,17.629953894121073,1043224190.519476,97367272634.95522,638.1861108641489,32.50682731702461,985387567.3211209,93249022707.89154,64.29045215775342,18.662321666064827,16.630441808840878,2.0318798572239487,664.4092066567783,699.6691144450205,629.1492988685362,3,5,2,-2.749749560824044,0
2025-05-30,669.85,97709384777.4403,1054575122.1152678,688.79,909052744.6991664,100496027767.69624,682.91,1011950491.7771147,99638784087.5968,682.02,804080621.9670262,99498272741.86806,685.27,1667839502.8562677,99961961455.93532,655.57,1426861719.7981849,95620654297.98804,-2.749749560824044,2.198770771000295,2.2053364515964184,-0.3036262049478838,677.4101415784472,10.451138281417933,898619387.556962,99378064148.56712,665.4292066567784,17.491764268445472,1016632290.684982,97516467669.2018,640.1131108641489,32.61674191229995,984200435.9509336,93529045749.28671,54.82137766502804,17.3847815771137,16.781309762495443,0.6034718146182563,665.4292066567784,700.4127351936694,630.4456781198875,4,5,2,-2.813292061301109,0
