cryptocurrency_id,date,price_usd,market_cap,volume,change,cryptocurrency_name
1,2025-02-05T12:03:40,97864.0,1940960000000.0,63657400000.0,-1.04809,bitcoin
1,2025-02-06T12:05:49,99038.0,1960400000000.0,42439400000.0,1.30476,bitcoin
1,2025-02-07T12:17:58,97683.0,1932660000000.0,46127900000.0,-1.05685,bitcoin
1,2025-02-10T12:07:28,97676.0,1937410000000.0,38859400000.0,0.769589,bitcoin
1,2025-02-11T12:41:21,98094.0,1944580000000.0,28127900000.0,0.254369,bitcoin
1,2025-02-12T12:00:47,95933.0,1903330000000.0,34216100000.0,-2.11865,bitcoin
1,2025-02-13T11:58:55,96199.0,1907000000000.0,48896100000.0,0.225398,bitcoin
1,2025-02-14T12:04:15,97032.0,1923610000000.0,27336100000.0,0.928202,bitcoin
1,2025-02-17T12:01:22,96124.0,1905070000000.0,18147300000.0,-1.08634,bitcoin
1,2025-02-18T12:21:07,95669.0,1896640000000.0,25687700000.0,-0.598476,bitcoin
1,2025-02-19T12:01:01,96302.0,1909470000000.0,37930500000.0,0.61524,bitcoin
1,2025-02-20T12:01:53,97408.0,1930720000000.0,26182000000.0,1.14727,bitcoin
1,2025-02-21T12:01:20,98634.0,1955270000000.0,30643300000.0,1.26005,bitcoin
1,2025-02-24T12:06:04,95634.0,1896320000000.0,21642700000.0,-0.585484,bitcoin
1,2025-02-25T12:01:15,88208.0,1749130000000.0,66998900000.0,-7.77115,bitcoin
1,2025-02-26T12:02:48,89191.0,1769330000000.0,67971800000.0,1.5378,bitcoin
1,2025-02-27T12:01:46,86978.0,1721940000000.0,334575000000.0,-2.48119,bitcoin
1,2025-02-28T11:59:10,79806.0,1586100000000.0,83708400000.0,-8.21695,bitcoin
1,2025-03-03T12:01:26,92529.0,1832140000000.0,76960800000.0,7.62615,bitcoin
1,2025-03-04T12:00:13,83902.0,1663860000000.0,62749000000.0,-9.31437,bitcoin
1,2025-03-05T12:02:32,89845.0,1782220000000.0,60951100000.0,7.08232,bitcoin
1,2025-03-06T12:11:59,91059.0,1806160000000.0,41074100000.0,1.30985,bitcoin
1,2025-03-07T12:31:09,89086.0,1768400000000.0,60085000000.0,-2.57568,bitcoin
1,2025-03-10T12:01:00,82396.0,1632180000000.0,44977500000.0,-2.96166,bitcoin
1,2025-03-11T12:01:18,81833.0,1621500000000.0,61204000000.0,-0.76118,bitcoin
1,2025-03-12T12:01:00,82461.0,1636460000000.0,43621600000.0,0.822385,bitcoin
1,2025-03-13T12:03:46,83143.0,1649930000000.0,34456900000.0,0.652155,bitcoin
1,2025-03-14T12:12:15,83091.0,1647680000000.0,30226600000.0,0.224683,bitcoin
1,2025-03-17T12:01:18,83326.0,1652910000000.0,24920600000.0,-0.0939627,bitcoin
1,2025-03-18T12:21:58,82702.0,1641030000000.0,25004300000.0,-1.04243,bitcoin
1,2025-03-19T12:32:18,83759.0,1662890000000.0,21936100000.0,1.28877,bitcoin
1,2025-03-20T12:01:33,85169.0,1689980000000.0,36698700000.0,2.12395,bitcoin
1,2025-03-21T12:03:39,84055.0,1669220000000.0,24281400000.0,-1.36962,bitcoin
1,2025-03-24T12:11:19,87689.0,1740880000000.0,22585200000.0,3.53302,bitcoin
1,2025-03-25T12:42:45,87333.0,1735690000000.0,31313700000.0,-0.406982,bitcoin
1,2025-03-26T12:01:31,88239.0,1750830000000.0,26869800000.0,1.19027,bitcoin
1,2025-03-27T12:11:26,87325.0,1733140000000.0,22690600000.0,-1.065,bitcoin
1,2025-03-28T12:03:47,84936.0,1684040000000.0,29425300000.0,-2.73246,bitcoin
1,2025-03-31T12:01:34,81489.0,1614930000000.0,20566500000.0,-2.33895,bitcoin
1,2025-04-01T12:21:36,84489.0,1673270000000.0,28590600000.0,3.43247,bitcoin
1,2025-04-02T12:01:44,85029.0,1686580000000.0,25505900000.0,0.780268,bitcoin
1,2025-04-03T12:00:50,83450.0,1658370000000.0,56229100000.0,-1.8491,bitcoin
1,2025-04-04T12:01:35,84610.0,1680320000000.0,37366000000.0,1.35442,bitcoin
1,2025-04-07T12:11:06,76492.0,1520850000000.0,59830400000.0,-7.68281,bitcoin
1,2025-04-08T12:47:17,79050.0,1569610000000.0,68830400000.0,2.50446,bitcoin
1,2025-04-09T12:16:54,77412.0,1536120000000.0,58037000000.0,-1.92384,bitcoin
1,2025-04-10T12:00:57,81928.0,1626120000000.0,73549200000.0,5.82026,bitcoin
1,2025-04-11T12:40:27,82762.0,1642470000000.0,43226000000.0,1.20902,bitcoin
1,2025-04-14T12:36:18,84627.0,1679510000000.0,30497900000.0,0.000662627,bitcoin
1,2025-04-15T12:41:22,85616.0,1699670000000.0,28550100000.0,1.21567,bitcoin
1,2025-04-16T12:11:08,83678.0,1661270000000.0,26090700000.0,-2.52533,bitcoin
1,2025-04-21T12:01:40,87486.0,1736670000000.0,24787600000.0,3.49557,bitcoin
1,2025-04-22T12:01:26,88509.0,1757410000000.0,36036500000.0,1.16262,bitcoin
1,2025-04-23T12:06:04,93846.0,1864760000000.0,58976600000.0,6.00732,bitcoin
1,2025-04-24T12:03:28,92441.0,1835230000000.0,37591800000.0,-1.49623,bitcoin
1,2025-04-25T12:27:05,93754.0,1861920000000.0,30045900000.0,1.28494,bitcoin
1,2025-04-28T12:21:30,94716.0,1881500000000.0,19706400000.0,0.59374,bitcoin
1,2025-04-29T12:11:29,94956.0,1886080000000.0,29538000000.0,0.18792,bitcoin
1,2025-04-30T12:23:12,94913.0,1884770000000.0,22909400000.0,-0.0164191,bitcoin
1,2025-05-05T12:03:47,94572.0,1878580000000.0,19517200000.0,-0.965138,bitcoin
1,2025-05-06T12:17:33,94145.0,1869800000000.0,19887300000.0,-0.302051,bitcoin
1,2025-05-07T12:19:33,96924.0,1925060000000.0,29535100000.0,2.85982,bitcoin
1,2025-05-08T12:01:07,99763.0,1981370000000.0,73510200000.0,2.89629,bitcoin
1,2025-05-09T12:01:34,102847.0,2042730000000.0,54322700000.0,3.09128,bitcoin
1,2025-05-12T12:00:43,104440.0,2074480000000.0,30688700000.0,0.100973,bitcoin
1,2025-05-13T12:41:57,103448.0,2054890000000.0,38768500000.0,-0.943496,bitcoin
1,2025-05-14T12:20:45,103580.0,2057630000000.0,32940900000.0,0.221245,bitcoin
1,2025-05-16T12:11:10,103733.0,2061040000000.0,31188400000.0,1.91423,bitcoin
1,2025-05-19T12:30:34,102982.0,2045770000000.0,46716700000.0,-0.85186,bitcoin
1,2025-05-20T12:11:07,105332.0,2092630000000.0,36357100000.0,2.25237,bitcoin
1,2025-05-21T12:10:39,106221.0,2110550000000.0,36809500000.0,0.867882,bitcoin
1,2025-05-22T11:58:59,110676.0,2198470000000.0,75257500000.0,4.18563,bitcoin
1,2025-05-23T12:01:26,111253.0,2210140000000.0,36408600000.0,0.511929,bitcoin
1,2025-05-26T12:00:52,109797.0,2182380000000.0,30358700000.0,2.54199,bitcoin
1,2025-05-27T12:29:08,109815.0,2181880000000.0,31150000000.0,-0.0268389,bitcoin
1,2025-05-28T12:08:11,108690.0,2161860000000.0,33021300000.0,-0.990275,bitcoin
1,2025-05-29T12:01:24,108510.0,2156070000000.0,32928800000.0,-0.167303,bitcoin
1,2025-05-30T12:11:38,105436.0,2095430000000.0,43308200000.0,-2.82315,bitcoin
1,2025-06-02T12:31:06,104456.0,2075940000000.0,20839200000.0,0.413587,bitcoin
1,2025-06-03T12:30:55,105305.0,2092620000000.0,25977100000.0,0.815493,bitcoin
1,2025-06-04T12:21:01,105910.0,2104790000000.0,25378200000.0,0.5842,bitcoin
1,2025-06-05T12:01:43,104890.0,2084640000000.0,24250500000.0,-0.866005,bitcoin
1,2025-06-06T12:01:12,103676.0,2060390000000.0,44530100000.0,-1.15814,bitcoin
1,2025-06-09T12:10:49,106717.0,2121120000000.0,18958100000.0,1.46476,bitcoin
1,2025-06-10T12:50:35,109328.0,2173180000000.0,38543400000.0,1.9864,bitcoin
1,2025-06-11T12:00:26,109249.0,2171660000000.0,32505000000.0,-0.225921,bitcoin
1,2025-06-12T12:00:26,107519.0,2138210000000.0,34104500000.0,-1.58443,bitcoin
1,2025-06-13T12:08:14,104732.0,2083330000000.0,52181200000.0,-2.5257,bitcoin
1,2025-06-16T12:05:41,106957.0,2125680000000.0,22549600000.0,1.88391,bitcoin
1,2025-06-18T12:01:51,104716.0,2081720000000.0,30323800000.0,-1.40665,bitcoin
1,2025-06-19T12:10:52,104982.0,2087190000000.0,29302500000.0,0.354486,bitcoin
1,2025-06-20T12:01:46,105978.0,2106680000000.0,21388300000.0,0.921048,bitcoin
1,2025-06-23T10:17:42,101487.0,2017930000000.0,49409400000.0,-0.822773,bitcoin
1,2025-06-24T10:27:00,105290.0,2093250000000.0,52636700000.0,3.78981,bitcoin
1,2025-06-25T10:27:18,106927.0,2125330000000.0,26907400000.0,1.5545,bitcoin
1,2025-06-26T10:26:46,107364.0,2135260000000.0,32679100000.0,0.307511,bitcoin
1,2025-06-27T10:26:40,107078.0,2129260000000.0,23900100000.0,-0.279073,bitcoin
1,2025-06-28T10:24:00,107334.0,2134260000000.0,18675800000.0,0.238907,bitcoin
1,2025-06-29T10:26:36,108219.0,2151140000000.0,9484870000.0,0.808803,bitcoin
1,2025-06-30T10:27:09,107508.0,2137210000000.0,18442100000.0,-0.64748,bitcoin
1,2025-07-01T10:27:37,106553.0,2118770000000.0,20132100000.0,-0.904444,bitcoin
1,2025-07-02T10:27:26,107783.0,2142550000000.0,27946500000.0,1.15444,bitcoin
1,2025-07-03T10:26:57,109788.0,2184720000000.0,35233500000.0,1.85966,bitcoin
1,2025-07-04T10:26:20,108966.0,2167100000000.0,25976000000.0,-0.757739,bitcoin
1,2025-07-05T10:23:49,108118.0,2150010000000.0,19565200000.0,-0.778455,bitcoin
1,2025-07-06T10:24:47,107935.0,2146680000000.0,9320030000.0,-0.185785,bitcoin
1,2025-07-07T10:27:48,108806.0,2165170000000.0,19823300000.0,0.780698,bitcoin
1,2025-07-08T10:27:01,108582.0,2159160000000.0,25821600000.0,-0.215062,bitcoin
1,2025-07-09T10:27:49,108822.0,2164300000000.0,21557400000.0,0.240451,bitcoin
1,2025-07-10T10:27:45,111038.0,2208580000000.0,40056800000.0,2.04034,bitcoin
1,2025-07-11T10:26:56,118211.0,2350560000000.0,80982600000.0,6.46001,bitcoin
1,2025-07-12T10:24:45,118087.0,2347870000000.0,40093400000.0,-0.134482,bitcoin
1,2025-07-13T10:26:34,117835.0,2343980000000.0,20483100000.0,-0.217165,bitcoin
1,2025-07-14T10:28:14,121928.0,2424800000000.0,52351200000.0,3.47552,bitcoin
1,2025-07-15T10:27:51,116926.0,2324490000000.0,70540600000.0,-4.09833,bitcoin
1,2025-07-16T10:28:48,119237.0,2371650000000.0,61645900000.0,1.96014,bitcoin
1,2025-07-17T10:28:50,118646.0,2360470000000.0,48971600000.0,-0.482935,bitcoin
1,2025-07-18T10:28:10,118713.0,2361620000000.0,57514200000.0,0.0906979,bitcoin
1,2025-07-19T10:26:19,118308.0,2353350000000.0,43270900000.0,-0.338152,bitcoin
1,2025-07-20T10:27:13,117989.0,2347320000000.0,24493200000.0,-0.314468,bitcoin
1,2025-07-21T10:29:25,118708.0,2361990000000.0,45462100000.0,0.60911,bitcoin
1,2025-07-22T10:28:57,118489.0,2357640000000.0,55773800000.0,-0.140625,bitcoin
1,2025-07-23T10:28:58,118183.0,2347830000000.0,49476100000.0,-0.268927,bitcoin
1,2025-07-24T10:28:48,118289.0,2353780000000.0,50021300000.0,0.11285,bitcoin
1,2025-07-25T10:29:38,116231.0,2313000000000.0,81039400000.0,-1.70717,bitcoin
1,2025-07-26T10:25:43,117652.0,2340860000000.0,46987400000.0,1.24683,bitcoin
1,2025-07-27T10:25:50,118197.0,2351100000000.0,23095500000.0,0.396751,bitcoin
1,2025-07-28T10:29:14,118914.0,2366100000000.0,37235500000.0,0.599439,bitcoin
1,2025-07-29T10:28:43,118614.0,2360290000000.0,38739600000.0,-0.254341,bitcoin
1,2025-07-30T10:28:49,118289.0,2353960000000.0,33372900000.0,-0.259248,bitcoin
1,2025-07-31T10:29:12,118472.0,2358090000000.0,45794100000.0,0.147043,bitcoin
1,2025-08-01T10:28:53,115051.0,2290910000000.0,57853600000.0,-2.8708,bitcoin
1,2025-08-02T10:26:00,113533.0,2259310000000.0,49820400000.0,-1.37906,bitcoin
1,2025-08-03T10:26:11,113741.0,2263410000000.0,32316400000.0,0.166889,bitcoin
1,2025-08-04T10:30:33,114393.0,2276640000000.0,25273100000.0,0.571286,bitcoin
1,2025-08-05T10:29:15,114834.0,2282410000000.0,34525500000.0,0.391331,bitcoin
1,2025-08-06T10:29:10,113913.0,2268060000000.0,35353400000.0,-0.898822,bitcoin
1,2025-08-07T10:28:32,115600.0,2300300000000.0,29991200000.0,1.47935,bitcoin
1,2025-08-08T10:28:41,116556.0,2320720000000.0,41836400000.0,0.826953,bitcoin
1,2025-08-09T10:25:14,117792.0,2344360000000.0,30884200000.0,1.01791,bitcoin
1,2025-08-10T10:25:36,118175.0,2351570000000.0,33437500000.0,0.329963,bitcoin
1,2025-08-11T10:28:56,121302.0,2414060000000.0,49846100000.0,2.6481,bitcoin
1,2025-08-12T10:27:33,118431.0,2356310000000.0,49640700000.0,-2.3619,bitcoin
1,2025-08-13T10:27:48,120346.0,2395700000000.0,48174300000.0,1.56821,bitcoin
1,2025-08-14T10:27:55,121715.0,2423140000000.0,68888400000.0,1.12191,bitcoin
1,2025-08-15T10:26:18,119007.0,2369090000000.0,66435500000.0,-2.21867,bitcoin
1,2025-08-16T10:23:43,117364.0,2337240000000.0,39839100000.0,-1.3912,bitcoin
1,2025-08-17T10:24:15,118287.0,2354790000000.0,20352700000.0,0.768949,bitcoin
1,2025-08-18T10:28:39,115220.0,2293870000000.0,37179500000.0,-2.58196,bitcoin
1,2025-08-19T10:26:01,115558.0,2299900000000.0,36656500000.0,0.317666,bitcoin
1,2025-08-20T10:26:18,113603.0,2264090000000.0,45460500000.0,-1.68892,bitcoin
1,2025-08-21T10:25:34,113423.0,2255880000000.0,37509900000.0,-0.285626,bitcoin
1,2025-08-22T10:25:15,112714.0,2243810000000.0,32827200000.0,-0.626486,bitcoin
1,2025-08-23T10:22:38,115567.0,2301170000000.0,52260000000.0,2.54576,bitcoin
1,2025-08-24T10:22:44,114741.0,2285430000000.0,25051700000.0,-0.722051,bitcoin
1,2025-08-25T10:26:41,111332.0,2218150000000.0,47271800000.0,-2.94029,bitcoin
1,2025-08-26T10:25:56,110400.0,2196970000000.0,55629300000.0,-0.818892,bitcoin
1,2025-08-27T10:23:56,111186.0,2214090000000.0,39719500000.0,0.748271,bitcoin
1,2025-08-28T10:25:00,112913.0,2249560000000.0,37688000000.0,1.62174,bitcoin
1,2025-08-29T10:24:07,109882.0,2187590000000.0,39659900000.0,-2.687,bitcoin
1,2025-08-30T10:21:30,108657.0,2163140000000.0,48397000000.0,-1.0364,bitcoin
1,2025-08-31T10:21:37,108409.0,2159930000000.0,22401300000.0,-0.224608,bitcoin
1,2025-09-01T10:26:32,109038.0,2170980000000.0,35076000000.0,0.59547,bitcoin
1,2025-09-02T10:25:02,110310.0,2197300000000.0,39993800000.0,1.17693,bitcoin
1,2025-09-03T10:22:54,111389.0,2216950000000.0,47464400000.0,0.971863,bitcoin
1,2025-09-04T10:23:23,110983.0,2209710000000.0,36117900000.0,-0.372111,bitcoin
1,2025-09-05T10:24:54,112220.0,2234860000000.0,42732100000.0,1.12103,bitcoin
1,2025-09-06T10:20:20,110766.0,2206250000000.0,45511800000.0,-1.30636,bitcoin
1,2025-09-07T10:20:37,111175.0,2214290000000.0,22387400000.0,0.399343,bitcoin
1,2025-09-08T10:25:23,112031.0,2229020000000.0,27418100000.0,0.76718,bitcoin
1,2025-09-09T10:25:24,112909.0,2250080000000.0,40521500000.0,0.719563,bitcoin
1,2025-09-10T10:23:22,112231.0,2235810000000.0,45252700000.0,-0.650416,bitcoin
1,2025-09-11T10:23:02,113993.0,2270160000000.0,48146000000.0,1.57024,bitcoin
1,2025-09-12T10:23:58,115000.0,2290580000000.0,51351700000.0,0.883337,bitcoin
1,2025-09-13T10:20:25,116177.0,2314500000000.0,43047400000.0,1.02681,bitcoin
1,2025-09-14T10:19:58,116110.0,2312790000000.0,25616900000.0,-0.0540901,bitcoin
1,2025-09-15T10:24:57,114877.0,2287750000000.0,41267000000.0,-1.07568,bitcoin
1,2025-09-16T10:24:20,115525.0,2300250000000.0,39069300000.0,0.630212,bitcoin
1,2025-09-17T10:23:52,116457.0,2320970000000.0,42721000000.0,0.815683,bitcoin
1,2025-09-18T10:23:52,117315.0,2337230000000.0,58991900000.0,0.736027,bitcoin
1,2025-09-19T10:24:43,116541.0,2320970000000.0,36740700000.0,-0.581374,bitcoin
1,2025-09-20T10:21:29,115789.0,2307290000000.0,28670600000.0,-0.613905,bitcoin
1,2025-09-21T10:21:28,115665.0,2304560000000.0,19456200000.0,-0.124295,bitcoin
1,2025-09-22T10:26:33,112723.0,2245160000000.0,49419400000.0,-2.543,bitcoin
1,2025-09-23T10:24:43,112934.0,2249570000000.0,52353700000.0,0.217183,bitcoin
1,2025-09-24T10:24:29,112862.0,2248790000000.0,47125700000.0,-0.0991815,bitcoin
1,2025-09-25T10:24:55,111821.0,2227000000000.0,51479000000.0,-0.906563,bitcoin
1,2025-09-26T10:24:58,109151.0,2174910000000.0,71819000000.0,-2.38974,bitcoin
1,2025-09-27T10:21:25,109322.0,2178440000000.0,42579400000.0,0.187665,bitcoin
1,2025-09-28T10:20:57,109470.0,2181550000000.0,20625600000.0,0.124225,bitcoin
1,2025-09-29T10:26:05,112159.0,2234880000000.0,43516100000.0,2.43171,bitcoin
1,2025-09-30T10:25:25,112766.0,2247730000000.0,59496400000.0,0.51494,bitcoin
1,2025-10-01T10:25:01,116366.0,2319550000000.0,61352600000.0,3.07965,bitcoin
1,2025-10-02T10:23:35,118742.0,2366420000000.0,66624100000.0,2.02651,bitcoin
1,2025-10-03T10:23:52,120434.0,2400530000000.0,70800600000.0,1.41627,bitcoin
1,2025-11-12T10:27:53,104757.0,2088240000000.0,63849600000.0,-0.313557,bitcoin
2,2025-02-05T12:03:40,2780.5,335254000000.0,44211300000.0,1.02554,ethereum
2,2025-02-06T12:05:50,2825.73,340841000000.0,30540700000.0,1.55908,ethereum
2,2025-02-07T12:17:58,2753.45,331887000000.0,30198300000.0,-2.20739,ethereum
2,2025-02-10T12:07:28,2645.52,319102000000.0,20818800000.0,-0.773351,ethereum
2,2025-02-11T12:41:22,2703.66,325800000000.0,17068900000.0,2.00886,ethereum
2,2025-02-12T12:00:47,2615.58,315352000000.0,17171900000.0,-3.1065,ethereum
2,2025-02-13T11:58:56,2679.83,323038000000.0,27769300000.0,2.46338,ethereum
2,2025-02-14T12:04:15,2704.94,326123000000.0,17559300000.0,1.04252,ethereum
2,2025-02-17T12:01:22,2752.63,331975000000.0,14533300000.0,2.09651,ethereum
2,2025-02-18T12:21:07,2692.9,324614000000.0,25578000000.0,-1.95456,ethereum
2,2025-02-19T12:01:01,2725.28,328482000000.0,20836200000.0,1.13947,ethereum
2,2025-02-20T12:01:53,2745.75,331034000000.0,14125400000.0,0.711789,ethereum
2,2025-02-21T12:01:21,2802.85,337858000000.0,16710900000.0,2.1081,ethereum
2,2025-02-24T12:06:04,2680.45,323268000000.0,24799800000.0,-4.51072,ethereum
2,2025-02-25T12:01:15,2401.06,289726000000.0,41239700000.0,-10.4511,ethereum
2,2025-02-26T12:02:48,2491.87,300637000000.0,27365900000.0,4.36931,ethereum
2,2025-02-27T12:01:47,2377.17,286522000000.0,101910000000.0,-4.5836,ethereum
2,2025-02-28T11:59:10,2116.59,255432000000.0,37218400000.0,-10.9445,ethereum
2,2025-03-03T12:01:26,2358.78,283963000000.0,41504600000.0,5.09145,ethereum
2,2025-03-04T12:00:14,2100.57,253305000000.0,35349200000.0,-10.9469,ethereum
2,2025-03-05T12:02:33,2238.39,270198000000.0,25760200000.0,6.69762,ethereum
2,2025-03-06T12:11:59,2289.16,276006000000.0,21007600000.0,2.37833,ethereum
2,2025-03-07T12:31:09,2199.55,265577000000.0,19761500000.0,-4.28288,ethereum
2,2025-03-10T12:01:01,2100.85,253068000000.0,25551000000.0,-1.64178,ethereum
2,2025-03-11T12:01:18,1923.9,231916000000.0,41288200000.0,-8.51495,ethereum
2,2025-03-12T12:01:01,1899.7,229079000000.0,28156700000.0,-1.03811,ethereum
2,2025-03-13T12:03:46,1900.39,229296000000.0,20764100000.0,-0.255966,ethereum
2,2025-03-14T12:12:15,1900.08,229091000000.0,16317700000.0,0.32381,ethereum
2,2025-03-17T12:01:18,1912.96,230684000000.0,11257400000.0,0.745075,ethereum
2,2025-03-18T12:21:59,1895.38,228609000000.0,11316900000.0,-1.08681,ethereum
2,2025-03-19T12:32:18,2014.65,243187000000.0,11133600000.0,6.43227,ethereum
2,2025-03-20T12:01:34,1983.17,239260000000.0,19149000000.0,0.234526,ethereum
2,2025-03-21T12:03:39,1965.2,237358000000.0,10300400000.0,-0.933025,ethereum
2,2025-03-24T12:11:19,2093.2,252648000000.0,11612800000.0,3.82912,ethereum
2,2025-03-25T12:42:45,2071.64,249691000000.0,12431700000.0,-0.995835,ethereum
2,2025-03-26T12:01:31,2074.17,250243000000.0,11636600000.0,0.134713,ethereum
2,2025-03-27T12:11:26,2029.49,244835000000.0,13364400000.0,-2.14026,ethereum
2,2025-03-28T12:03:47,1908.3,230060000000.0,17091400000.0,-5.91597,ethereum
2,2025-03-31T12:01:35,1786.15,215217000000.0,13975400000.0,-3.09404,ethereum
2,2025-04-01T12:21:36,1884.87,227428000000.0,16227600000.0,5.42278,ethereum
2,2025-04-02T12:01:45,1878.86,226597000000.0,15233200000.0,-0.212214,ethereum
2,2025-04-03T12:00:51,1811.55,218916000000.0,25146600000.0,-3.58247,ethereum
2,2025-04-04T12:01:36,1831.16,221110000000.0,16744600000.0,1.06048,ethereum
2,2025-04-07T12:11:06,1493.13,180331000000.0,39187900000.0,-16.5075,ethereum
2,2025-04-08T12:47:17,1569.3,189500000000.0,32539300000.0,4.76938,ethereum
2,2025-04-09T12:16:55,1478.64,178389000000.0,29589700000.0,-5.69028,ethereum
2,2025-04-10T12:00:57,1601.01,193148000000.0,35051800000.0,8.2313,ethereum
2,2025-04-11T12:40:27,1572.74,189688000000.0,20837900000.0,-1.43187,ethereum
2,2025-04-14T12:36:19,1664.41,200682000000.0,15039200000.0,2.97254,ethereum
2,2025-04-15T12:41:22,1630.81,197319000000.0,10343600000.0,-2.14515,ethereum
2,2025-04-16T12:11:09,1571.67,189656000000.0,11990800000.0,-4.51065,ethereum
2,2025-04-21T12:01:40,1642.59,198265000000.0,10694100000.0,3.23993,ethereum
2,2025-04-22T12:01:26,1625.19,196195000000.0,15778400000.0,-1.0541,ethereum
2,2025-04-23T12:06:04,1788.25,215920000000.0,27470300000.0,10.0412,ethereum
2,2025-04-24T12:03:28,1743.03,210411000000.0,18439600000.0,-2.49898,ethereum
2,2025-04-25T12:27:05,1784.39,215468000000.0,13169400000.0,2.20928,ethereum
2,2025-04-28T12:21:31,1804.97,218131000000.0,10616000000.0,-0.315519,ethereum
2,2025-04-29T12:11:29,1833.1,221310000000.0,15853400000.0,1.41798,ethereum
2,2025-04-30T12:23:12,1806.17,218073000000.0,11920400000.0,-1.6095,ethereum
2,2025-05-05T12:03:47,1824.3,220236000000.0,8433780000.0,-0.148561,ethereum
2,2025-05-06T12:17:33,1794.59,216672000000.0,9143680000.0,-1.32678,ethereum
2,2025-05-07T12:19:34,1842.87,222500000000.0,14331200000.0,2.64246,ethereum
2,2025-05-08T12:01:07,1939.62,234090000000.0,56195700000.0,5.19226,ethereum
2,2025-05-09T12:01:34,2335.59,281428000000.0,53106700000.0,20.4087,ethereum
2,2025-05-12T12:00:44,2551.86,308075000000.0,24139600000.0,1.45726,ethereum
2,2025-05-13T12:41:57,2478.28,299415000000.0,27743000000.0,-3.11463,ethereum
2,2025-05-14T12:20:45,2607.37,314889000000.0,37612000000.0,5.13198,ethereum
2,2025-05-16T12:11:11,2609.87,315073000000.0,25090800000.0,2.82248,ethereum
2,2025-05-19T12:30:34,2403.73,290060000000.0,32449100000.0,-4.13496,ethereum
2,2025-05-20T12:11:07,2529.54,305343000000.0,25337200000.0,5.21478,ethereum
2,2025-05-21T12:10:39,2524.16,304712000000.0,23052300000.0,-0.141615,ethereum
2,2025-05-22T11:59:00,2667.27,322107000000.0,33927900000.0,5.68608,ethereum
2,2025-05-23T12:01:26,2683.44,323936000000.0,25084800000.0,0.590173,ethereum
2,2025-05-26T12:00:52,2566.14,309837000000.0,13430800000.0,2.96983,ethereum
2,2025-05-27T12:29:08,2634.46,318067000000.0,18136600000.0,2.61888,ethereum
2,2025-05-28T12:08:11,2628.83,317679000000.0,21686600000.0,-0.247171,ethereum
2,2025-05-29T12:01:24,2731.58,329540000000.0,27350700000.0,3.87999,ethereum
2,2025-05-30T12:11:38,2612.09,315359000000.0,23229500000.0,-4.35436,ethereum
2,2025-06-02T12:31:06,2485.09,299987000000.0,12048700000.0,-0.395266,ethereum
2,2025-06-03T12:30:55,2616.77,315878000000.0,16315800000.0,5.30435,ethereum
2,2025-06-04T12:21:01,2645.68,319380000000.0,14538200000.0,1.10977,ethereum
2,2025-06-05T12:01:43,2608.81,314934000000.0,17105900000.0,-1.27904,ethereum
2,2025-06-06T12:01:13,2472.03,298444000000.0,29491800000.0,-5.24007,ethereum
2,2025-06-09T12:10:50,2513.47,303336000000.0,11317900000.0,0.57078,ethereum
2,2025-06-10T12:50:36,2687.67,324305000000.0,26564900000.0,6.05996,ethereum
2,2025-06-11T12:00:26,2760.0,333257000000.0,34510100000.0,2.54655,ethereum
2,2025-06-12T12:00:27,2753.5,332584000000.0,30307400000.0,-0.230268,ethereum
2,2025-06-13T12:08:14,2515.31,303869000000.0,41114600000.0,-8.54817,ethereum
2,2025-06-16T12:05:41,2622.66,316458000000.0,16944000000.0,4.34796,ethereum
2,2025-06-18T12:01:52,2525.92,304870000000.0,20213200000.0,-1.60228,ethereum
2,2025-06-19T12:10:52,2537.53,306391000000.0,16908000000.0,0.587344,ethereum
2,2025-06-20T12:01:47,2554.03,308209000000.0,10195800000.0,0.575543,ethereum
2,2025-06-23T10:17:44,2249.08,271532000000.0,24232200000.0,-0.0767566,ethereum
2,2025-06-24T10:27:03,2418.79,291978000000.0,27820400000.0,7.68843,ethereum
2,2025-06-25T10:27:21,2424.53,292612000000.0,16583900000.0,0.235801,ethereum
2,2025-06-26T10:26:47,2462.17,297333000000.0,18131500000.0,1.54327,ethereum
2,2025-06-27T10:26:42,2451.88,296072000000.0,13384400000.0,-0.360701,ethereum
2,2025-06-28T10:24:02,2428.18,293079000000.0,9519980000.0,-0.947374,ethereum
2,2025-06-29T10:26:38,2455.69,296394000000.0,5707760000.0,1.11892,ethereum
2,2025-06-30T10:27:11,2451.78,295763000000.0,13049400000.0,-0.195914,ethereum
2,2025-07-01T10:27:40,2459.22,296796000000.0,14818700000.0,0.257001,ethereum
2,2025-07-02T10:27:28,2450.02,295638000000.0,10783300000.0,-0.374204,ethereum
2,2025-07-03T10:26:59,2592.67,313265000000.0,25810600000.0,5.84997,ethereum
2,2025-07-04T10:26:22,2550.14,307916000000.0,17656500000.0,-1.64382,ethereum
2,2025-07-05T10:23:51,2520.57,304245000000.0,12263700000.0,-1.1681,ethereum
2,2025-07-06T10:24:49,2507.86,302824000000.0,5807810000.0,-0.48785,ethereum
2,2025-07-07T10:27:50,2564.4,309808000000.0,13243300000.0,2.18225,ethereum
2,2025-07-08T10:27:03,2558.59,308634000000.0,16284700000.0,-0.225857,ethereum
2,2025-07-09T10:27:51,2613.1,315377000000.0,16521800000.0,2.1284,ethereum
2,2025-07-10T10:27:46,2775.89,335101000000.0,31276700000.0,6.21638,ethereum
2,2025-07-11T10:26:57,3009.11,363056000000.0,48309200000.0,8.40145,ethereum
2,2025-07-12T10:24:47,2974.45,358901000000.0,29245700000.0,-1.15654,ethereum
2,2025-07-13T10:26:36,2956.44,356905000000.0,12404600000.0,-0.61859,ethereum
2,2025-07-14T10:28:16,3048.62,367012000000.0,33373600000.0,3.179,ethereum
2,2025-07-15T10:27:54,2976.47,359250000000.0,36503500000.0,-2.43553,ethereum
2,2025-07-16T10:28:50,3156.18,380946000000.0,43085700000.0,6.06772,ethereum
2,2025-07-17T10:28:53,3471.5,418948000000.0,54833600000.0,10.0127,ethereum
2,2025-07-18T10:28:12,3611.0,435893000000.0,70911500000.0,4.03098,ethereum
2,2025-07-19T10:26:22,3557.1,429317000000.0,48681300000.0,-1.51412,ethereum
2,2025-07-20T10:27:15,3705.58,447410000000.0,36614300000.0,4.11894,ethereum
2,2025-07-21T10:29:27,3777.68,456108000000.0,53235400000.0,1.98259,ethereum
2,2025-07-22T10:28:59,3669.94,442910000000.0,55142400000.0,-2.8319,ethereum
2,2025-07-23T10:29:00,3658.48,441614000000.0,41351200000.0,-0.378539,ethereum
2,2025-07-24T10:28:51,3628.18,437197000000.0,50673000000.0,-0.843333,ethereum
2,2025-07-25T10:29:40,3713.74,448698000000.0,43128900000.0,2.53608,ethereum
2,2025-07-26T10:25:46,3763.15,453957000000.0,32885300000.0,1.22197,ethereum
2,2025-07-27T10:25:51,3786.97,456922000000.0,22285600000.0,0.62864,ethereum
2,2025-07-28T10:29:15,3889.4,469456000000.0,36062600000.0,2.69219,ethereum
2,2025-07-29T10:28:45,3852.31,465464000000.0,33260500000.0,-0.946027,ethereum
2,2025-07-30T10:28:51,3798.18,458324000000.0,31550500000.0,-1.34093,ethereum
2,2025-07-31T10:29:13,3858.49,465834000000.0,32510300000.0,1.58214,ethereum
2,2025-08-01T10:28:55,3625.32,437857000000.0,38935300000.0,-6.048,ethereum
2,2025-08-02T10:26:02,3481.46,420244000000.0,36655900000.0,-3.96364,ethereum
2,2025-08-03T10:26:13,3472.48,419172000000.0,25468500000.0,-0.273185,ethereum
2,2025-08-04T10:30:35,3565.96,429786000000.0,20489500000.0,2.68148,ethereum
2,2025-08-05T10:29:17,3669.0,442412000000.0,28338400000.0,2.88193,ethereum
2,2025-08-06T10:29:13,3617.46,436880000000.0,24742500000.0,-1.54029,ethereum
2,2025-08-07T10:28:33,3791.26,457941000000.0,21355900000.0,4.839,ethereum
2,2025-08-08T10:28:43,3900.1,470889000000.0,36269400000.0,2.78799,ethereum
2,2025-08-09T10:25:15,4236.39,511509000000.0,41537700000.0,8.58556,ethereum
2,2025-08-10T10:25:38,4218.59,509155000000.0,36271600000.0,-0.230207,ethereum
2,2025-08-11T10:28:57,4253.64,513086000000.0,30021700000.0,0.891225,ethereum
2,2025-08-12T10:27:34,4287.24,517137000000.0,41259600000.0,0.754469,ethereum
2,2025-08-13T10:27:50,4696.95,567227000000.0,61473700000.0,9.55859,ethereum
2,2025-08-14T10:27:57,4753.9,573861000000.0,50087500000.0,1.29958,ethereum
2,2025-08-15T10:26:20,4640.27,559992000000.0,63163200000.0,-2.40255,ethereum
2,2025-08-16T10:23:44,4388.37,530310000000.0,42717000000.0,-5.46451,ethereum
2,2025-08-17T10:24:18,4542.4,548341000000.0,23567400000.0,3.40051,ethereum
2,2025-08-18T10:28:41,4289.84,518402000000.0,39086600000.0,-5.55847,ethereum
2,2025-08-19T10:26:03,4292.77,517482000000.0,38272700000.0,0.0681887,ethereum
2,2025-08-20T10:26:20,4216.41,509667000000.0,43701500000.0,-1.79863,ethereum
2,2025-08-21T10:25:36,4287.71,516305000000.0,33435700000.0,1.53444,ethereum
2,2025-08-22T10:25:18,4309.81,520611000000.0,29131300000.0,0.608005,ethereum
2,2025-08-23T10:22:40,4716.68,569886000000.0,58043900000.0,9.38084,ethereum
2,2025-08-24T10:22:46,4753.24,575080000000.0,22058500000.0,0.68028,ethereum
2,2025-08-25T10:26:42,4566.19,553792000000.0,40858400000.0,-3.93122,ethereum
2,2025-08-26T10:25:57,4428.23,534594000000.0,47800700000.0,-2.9615,ethereum
2,2025-08-27T10:23:59,4598.61,555532000000.0,40528800000.0,3.78759,ethereum
2,2025-08-28T10:25:03,4590.92,554562000000.0,32876500000.0,-0.0746353,ethereum
2,2025-08-29T10:24:09,4352.03,525628000000.0,31246800000.0,-5.1941,ethereum
2,2025-08-30T10:21:32,4403.89,530674000000.0,33292900000.0,1.26719,ethereum
2,2025-08-31T10:21:39,4452.07,537591000000.0,18396200000.0,1.16008,ethereum
2,2025-09-01T10:26:35,4433.97,535315000000.0,25935100000.0,-0.457935,ethereum
2,2025-09-02T10:25:05,4385.01,529761000000.0,27793700000.0,-1.11073,ethereum
2,2025-09-03T10:22:57,4374.25,527548000000.0,31990400000.0,-0.414027,ethereum
2,2025-09-04T10:23:26,4416.56,531944000000.0,32243200000.0,0.964281,ethereum
2,2025-09-05T10:24:56,4407.44,531475000000.0,31432700000.0,-0.0957053,ethereum
2,2025-09-06T10:20:22,4293.84,518385000000.0,30773400000.0,-2.51331,ethereum
2,2025-09-07T10:20:39,4303.36,519654000000.0,15371700000.0,0.236443,ethereum
2,2025-09-08T10:25:25,4329.61,521946000000.0,19128100000.0,0.621712,ethereum
2,2025-09-09T10:25:27,4355.08,526198000000.0,30052800000.0,0.564404,ethereum
2,2025-09-10T10:23:24,4319.63,521306000000.0,26009800000.0,-0.909651,ethereum
2,2025-09-11T10:23:03,4426.31,534186000000.0,37103500000.0,2.46271,ethereum
2,2025-09-12T10:24:00,4510.23,544811000000.0,37076500000.0,1.91768,ethereum
2,2025-09-13T10:20:27,4737.88,571921000000.0,37452500000.0,4.97383,ethereum
2,2025-09-14T10:20:01,4666.17,563127000000.0,24848500000.0,-1.51354,ethereum
2,2025-09-15T10:25:00,4511.3,544535000000.0,33858900000.0,-3.23363,ethereum
2,2025-09-16T10:24:22,4512.12,544292000000.0,25760500000.0,-0.0932179,ethereum
2,2025-09-17T10:23:54,4487.56,541992000000.0,32555500000.0,-0.52056,ethereum
2,2025-09-18T10:23:54,4586.77,553571000000.0,42971900000.0,2.21779,ethereum
2,2025-09-19T10:24:45,4532.24,546781000000.0,26424900000.0,-0.985643,ethereum
2,2025-09-20T10:21:32,4473.22,539977000000.0,23533200000.0,-1.26136,ethereum
2,2025-09-21T10:21:31,4461.77,538822000000.0,14917100000.0,-0.264348,ethereum
2,2025-09-22T10:26:35,4172.01,503558000000.0,41832600000.0,-6.54483,ethereum
2,2025-09-23T10:24:45,4195.08,506137000000.0,33275600000.0,0.549836,ethereum
2,2025-09-24T10:24:30,4178.7,504526000000.0,30473300000.0,-0.347512,ethereum
2,2025-09-25T10:24:57,4037.27,487045000000.0,40651800000.0,-3.38464,ethereum
2,2025-09-26T10:25:00,3890.0,469834000000.0,57132800000.0,-3.65005,ethereum
2,2025-09-28T10:20:59,3994.0,482212000000.0,15402600000.0,0.00201956,ethereum
2,2025-09-29T10:26:07,4132.37,499090000000.0,27716700000.0,3.44259,ethereum
2,2025-09-30T10:25:27,4140.87,499983000000.0,36439200000.0,0.224994,ethereum
2,2025-10-01T10:25:04,4294.65,518556000000.0,40077200000.0,3.56915,ethereum
2,2025-10-02T10:23:37,4381.79,528992000000.0,40360300000.0,1.98855,ethereum
2,2025-10-03T10:23:54,4481.31,540985000000.0,43101300000.0,2.31027,ethereum
3,2025-02-05T12:03:40,1.0,140531000000.0,107324000000.0,-0.0382997,tether
3,2025-02-06T12:05:50,1.0,141226000000.0,81109200000.0,0.00366817,tether
3,2025-02-07T12:17:59,1.0,141407000000.0,67820900000.0,-0.0100293,tether
3,2025-02-10T12:07:28,1.0,141636000000.0,68086500000.0,-0.00776147,tether
3,2025-02-11T12:41:22,1.0,141898000000.0,51473800000.0,-0.00367561,tether
3,2025-02-12T12:00:48,0.999969,141948000000.0,54998300000.0,-0.0184562,tether
3,2025-02-13T11:58:56,1.0,141933000000.0,80610000000.0,0.00805252,tether
3,2025-02-14T12:04:15,1.0,141818000000.0,31586800000.0,0.00481967,tether
3,2025-02-17T12:01:23,0.999988,141995000000.0,24057500000.0,-0.00327778,tether
3,2025-02-18T12:21:07,0.999763,141729000000.0,61720600000.0,-0.0225381,tether
3,2025-02-19T12:01:01,0.999707,141737000000.0,67733300000.0,-0.0074148,tether
3,2025-02-20T12:01:53,1.0,141780000000.0,38893300000.0,0.0289242,tether
3,2025-02-21T12:01:21,1.0,142235000000.0,30400100000.0,0.0130117,tether
3,2025-02-24T12:06:05,1.0,142433000000.0,56603500000.0,0.00744309,tether
3,2025-02-25T12:01:15,0.999516,142282000000.0,133365000000.0,-0.0631671,tether
3,2025-02-26T12:02:49,0.999182,141988000000.0,60189000000.0,-0.0363778,tether
3,2025-02-27T12:01:47,0.999027,142165000000.0,119208000000.0,-0.0157463,tether
3,2025-02-28T11:59:10,0.999261,142087000000.0,82225800000.0,0.0234505,tether
3,2025-03-03T12:01:27,0.999681,142391000000.0,143616000000.0,0.00930521,tether
3,2025-03-04T12:00:14,0.999401,142423000000.0,74701600000.0,-0.0281669,tether
3,2025-03-05T12:02:33,0.999967,142491000000.0,49585700000.0,0.0566833,tether
3,2025-03-06T12:11:59,0.999944,142710000000.0,79205200000.0,-0.0027844,tether
3,2025-03-07T12:31:09,1.0,142806000000.0,48682500000.0,0.0107684,tether
3,2025-03-10T12:01:01,0.99996,142795000000.0,37841500000.0,0.0270882,tether
3,2025-03-11T12:01:18,0.999795,142967000000.0,51284900000.0,-0.0165279,tether
3,2025-03-12T12:01:01,0.99985,143161000000.0,63885700000.0,0.00552399,tether
3,2025-03-13T12:03:46,0.999834,143322000000.0,53923800000.0,-0.00181127,tether
3,2025-03-14T12:12:15,0.999842,143324000000.0,25109100000.0,0.000440962,tether
3,2025-03-17T12:01:18,0.999912,143452000000.0,23848900000.0,-0.0106502,tether
3,2025-03-18T12:21:59,0.999877,143408000000.0,41006500000.0,-0.00120946,tether
3,2025-03-19T12:32:19,0.999828,143415000000.0,40292700000.0,-0.00482756,tether
3,2025-03-20T12:01:34,0.999621,143599000000.0,50627800000.0,-0.0267603,tether
3,2025-03-21T12:03:39,0.999544,143462000000.0,23680000000.0,-0.0076353,tether
3,2025-03-24T12:11:19,1.0,143496000000.0,24013800000.0,0.0291934,tether
3,2025-03-25T12:42:45,1.0,143784000000.0,26643000000.0,-0.0023095,tether
3,2025-03-26T12:01:32,1.0,144040000000.0,30195800000.0,0.0103676,tether
3,2025-03-27T12:11:27,1.0,144188000000.0,24007200000.0,-0.00367934,tether
3,2025-03-28T12:03:47,0.999694,144138000000.0,55260500000.0,-0.0432397,tether
3,2025-03-31T12:01:35,0.999826,143912000000.0,37761900000.0,0.0102443,tether
3,2025-04-01T12:21:37,0.999945,143985000000.0,27330000000.0,0.0123375,tether
3,2025-04-02T12:01:45,0.999984,144031000000.0,48161400000.0,0.0142891,tether
3,2025-04-03T12:00:51,0.999923,144024000000.0,87562200000.0,-0.00585849,tether
3,2025-04-04T12:01:36,0.999885,144071000000.0,59231900000.0,-0.00333606,tether
3,2025-04-07T12:11:07,0.999363,144172000000.0,74358700000.0,-0.0122514,tether
3,2025-04-08T12:47:18,0.999707,144150000000.0,62993100000.0,0.0318943,tether
3,2025-04-09T12:16:55,0.99955,143950000000.0,84331500000.0,-0.015299,tether
3,2025-04-10T12:00:58,0.999684,144325000000.0,103648000000.0,0.0119497,tether
3,2025-04-11T12:40:27,0.999463,144268000000.0,70781400000.0,0.00729986,tether
3,2025-04-14T12:36:19,0.999806,144317000000.0,53101400000.0,0.00309393,tether
3,2025-04-15T12:41:22,0.999958,144335000000.0,46832200000.0,0.0162634,tether
3,2025-04-16T12:11:09,0.999973,144628000000.0,36039800000.0,0.00657639,tether
3,2025-04-21T12:01:41,1.0,144630000000.0,19440700000.0,0.00551037,tether
3,2025-04-22T12:01:26,0.999994,144724000000.0,51329100000.0,-0.00263083,tether
3,2025-04-23T12:06:05,1.0,145310000000.0,48298100000.0,0.0229391,tether
3,2025-04-24T12:03:29,1.0,145663000000.0,42466600000.0,-0.011778,tether
3,2025-04-25T12:27:06,1.0,146048000000.0,33981300000.0,0.0136668,tether
3,2025-04-28T12:21:31,1.0,147294000000.0,37877300000.0,0.0104737,tether
3,2025-04-29T12:11:29,1.0,148008000000.0,31180700000.0,-0.00541786,tether
3,2025-04-30T12:23:13,1.0,148442000000.0,31969800000.0,-0.0125893,tether
3,2025-05-05T12:03:48,1.0,149360000000.0,20049200000.0,-0.00378254,tether
3,2025-05-06T12:17:34,0.999803,149330000000.0,36044300000.0,-0.0244871,tether
3,2025-05-07T12:19:34,0.999956,149424000000.0,23974700000.0,0.013468,tether
3,2025-05-08T12:01:08,1.0,149521000000.0,34538600000.0,0.0137807,tether
3,2025-05-09T12:01:35,0.999989,149732000000.0,54026500000.0,-0.01207,tether
3,2025-05-12T12:00:44,1.0,149980000000.0,36143900000.0,-0.0113759,tether
3,2025-05-13T12:41:58,1.0,150064000000.0,90971000000.0,0.00398179,tether
3,2025-05-14T12:20:46,0.99997,150335000000.0,88287800000.0,-0.00606282,tether
3,2025-05-16T12:11:11,1.0,151083000000.0,70705200000.0,0.00771048,tether
3,2025-05-19T12:30:35,1.0,151383000000.0,87950400000.0,-9.53222e-05,tether
3,2025-05-20T12:11:08,1.0,151611000000.0,68008000000.0,0.000454806,tether
3,2025-05-21T12:10:40,1.0,151626000000.0,60758900000.0,0.00906227,tether
3,2025-05-22T11:59:00,1.0,152405000000.0,116236000000.0,-0.0237281,tether
3,2025-05-23T12:01:26,0.999835,152466000000.0,77410900000.0,-0.0192726,tether
3,2025-05-26T12:00:52,1.0,152789000000.0,39934600000.0,0.0204818,tether
3,2025-05-27T12:29:09,1.0,152796000000.0,50826500000.0,-0.00887248,tether
3,2025-05-28T12:08:11,1.0,152969000000.0,57865400000.0,0.0102227,tether
3,2025-05-29T12:01:24,1.0,152945000000.0,64953400000.0,-0.0142155,tether
3,2025-05-30T12:11:38,1.0,153124000000.0,67206400000.0,0.000550967,tether
3,2025-06-02T12:31:06,1.0,153201000000.0,35709000000.0,-0.00069444,tether
3,2025-06-03T12:30:56,1.0,153372000000.0,23901700000.0,0.00525771,tether
3,2025-06-04T12:21:02,1.0,153381000000.0,43567800000.0,0.00630716,tether
3,2025-06-05T12:01:43,1.0,153878000000.0,32761300000.0,-0.0150941,tether
3,2025-06-06T12:01:13,1.0,153881000000.0,75269200000.0,0.0032106,tether
3,2025-06-09T12:10:50,1.0,154815000000.0,35075200000.0,0.0019378,tether
3,2025-06-10T12:50:36,1.0,155224000000.0,43205700000.0,-0.0114535,tether
3,2025-06-11T12:00:26,0.999996,155180000000.0,33899100000.0,-0.0218588,tether
3,2025-06-12T12:00:27,1.0,155193000000.0,35736300000.0,0.00346623,tether
3,2025-06-13T12:08:15,1.0,155247000000.0,62204600000.0,0.0310753,tether
3,2025-06-16T12:05:41,0.999982,155483000000.0,21650200000.0,-0.0231897,tether
3,2025-06-18T12:01:52,1.0,155574000000.0,47484100000.0,-0.00631824,tether
3,2025-06-19T12:10:52,1.0,155589000000.0,39636800000.0,0.0147729,tether
3,2025-06-20T12:01:47,1.0,155879000000.0,20164100000.0,-0.0126252,tether
3,2025-06-23T10:17:46,1.0,155995000000.0,87799100000.0,-0.000707932,tether
3,2025-06-24T10:27:05,1.001,156432000000.0,42167800000.0,0.0435452,tether
3,2025-06-25T10:27:23,1.0,156766000000.0,22784500000.0,-0.00836664,tether
3,2025-06-26T10:26:49,1.0,156744000000.0,40873700000.0,-0.0124047,tether
3,2025-06-27T10:26:43,1.0,157524000000.0,31706900000.0,-0.00660813,tether
3,2025-06-28T10:24:05,1.0,157518000000.0,18133700000.0,-0.00421238,tether
3,2025-06-29T10:26:40,1.0,157615000000.0,20600200000.0,0.000109647,tether
3,2025-06-30T10:27:12,1.0,157714000000.0,31642400000.0,-0.0083134,tether
3,2025-07-01T10:27:42,1.0,157738000000.0,23269200000.0,-0.000227372,tether
3,2025-07-02T10:27:30,1.0,157859000000.0,22538400000.0,0.00617928,tether
3,2025-07-03T10:27:02,1.0,158314000000.0,70199200000.0,0.00370188,tether
3,2025-07-04T10:26:25,1.0,158463000000.0,48443500000.0,-0.0026657,tether
3,2025-07-05T10:23:53,1.0,158631000000.0,38799900000.0,-0.00253008,tether
3,2025-07-06T10:24:51,1.0,158626000000.0,20908200000.0,-0.00383486,tether
3,2025-07-07T10:27:51,0.999994,158581000000.0,39330100000.0,-0.0183546,tether
3,2025-07-08T10:27:04,0.999952,158653000000.0,43451600000.0,-0.00366618,tether
3,2025-07-09T10:27:53,0.999977,158664000000.0,42363700000.0,0.00132642,tether
3,2025-07-10T10:27:48,1.0,158817000000.0,79496900000.0,0.0195588,tether
3,2025-07-11T10:26:59,1.0,159127000000.0,159265000000.0,0.00979819,tether
3,2025-07-12T10:24:49,1.0,159436000000.0,110354000000.0,-0.00191881,tether
3,2025-07-13T10:26:38,1.0,159521000000.0,60764100000.0,-0.000751221,tether
3,2025-07-14T10:28:18,1.0,159533000000.0,120303000000.0,-0.0189248,tether
3,2025-07-15T10:27:56,0.999828,159859000000.0,132884000000.0,-0.0177073,tether
3,2025-07-16T10:28:52,0.999999,159974000000.0,130460000000.0,0.0184717,tether
3,2025-07-17T10:28:55,1.0,160307000000.0,159735000000.0,0.027681,tether
3,2025-07-18T10:28:13,1.0,160329000000.0,185660000000.0,0.0144723,tether
3,2025-07-19T10:26:24,1.0,160890000000.0,133837000000.0,0.00304101,tether
3,2025-07-20T10:27:16,1.0,161655000000.0,90779900000.0,-0.00885769,tether
3,2025-07-21T10:29:29,1.0,161698000000.0,146759000000.0,-0.0128141,tether
3,2025-07-22T10:29:00,1.0,161706000000.0,179774000000.0,0.00320559,tether
3,2025-07-23T10:29:01,1.0,161995000000.0,133185000000.0,0.00509587,tether
3,2025-07-24T10:28:53,1.0,162587000000.0,166492000000.0,0.0136148,tether
3,2025-07-25T10:29:43,1.0,162531000000.0,175886000000.0,-0.0339691,tether
3,2025-07-26T10:25:48,1.0,163084000000.0,104751000000.0,0.00977904,tether
3,2025-07-27T10:25:53,1.0,163622000000.0,62062000000.0,0.00684992,tether
3,2025-07-28T10:29:17,1.0,163597000000.0,96929100000.0,-0.0266806,tether
3,2025-07-29T10:28:47,0.999904,163641000000.0,89273700000.0,-0.0109001,tether
3,2025-07-30T10:28:54,0.999958,163753000000.0,81995900000.0,0.00779458,tether
3,2025-07-31T10:29:17,0.999786,163718000000.0,91306900000.0,-0.0163986,tether
3,2025-08-01T10:28:56,0.999595,163685000000.0,106995000000.0,-0.0186844,tether
3,2025-08-02T10:26:04,0.999696,163854000000.0,91062400000.0,0.00931404,tether
3,2025-08-03T10:26:15,0.999875,163872000000.0,66457900000.0,0.0187901,tether
3,2025-08-04T10:30:37,0.999936,163884000000.0,55464900000.0,0.00287322,tether
3,2025-08-05T10:29:18,0.99982,163868000000.0,72304500000.0,-0.0116785,tether
3,2025-08-06T10:29:16,0.999927,163809000000.0,68872700000.0,0.0106969,tether
3,2025-08-07T10:28:35,1.0,164059000000.0,60499200000.0,0.0196988,tether
3,2025-08-08T10:28:46,1.0,164354000000.0,91942400000.0,-0.00313011,tether
3,2025-08-09T10:25:17,1.0,164488000000.0,82599000000.0,-0.00626304,tether
3,2025-08-10T10:25:40,0.999963,164506000000.0,80720000000.0,-0.0060966,tether
3,2025-08-11T10:28:59,0.999762,164500000000.0,89445400000.0,-0.0167785,tether
3,2025-08-12T10:27:36,0.999891,164611000000.0,98318100000.0,0.00595145,tether
3,2025-08-13T10:27:52,0.999873,165003000000.0,127883000000.0,0.00027877,tether
3,2025-08-14T10:27:58,1.0,165101000000.0,148615000000.0,0.0603249,tether
3,2025-08-15T10:26:23,1.001,165947000000.0,160626000000.0,0.0111007,tether
3,2025-08-16T10:23:46,1.001,166497000000.0,103526000000.0,0.00890712,tether
3,2025-08-17T10:24:21,1.0,166730000000.0,59204100000.0,-0.0185818,tether
3,2025-08-18T10:28:42,1.001,166831000000.0,88288900000.0,0.0135677,tether
3,2025-08-19T10:26:04,1.0,167110000000.0,83323600000.0,-0.0163781,tether
3,2025-08-20T10:26:23,0.999874,166989000000.0,96487400000.0,-0.0544358,tether
3,2025-08-21T10:25:38,0.999951,167050000000.0,88446200000.0,0.00895325,tether
3,2025-08-22T10:25:20,0.999827,167036000000.0,68033100000.0,-0.0119941,tether
3,2025-08-23T10:22:42,0.9996,167083000000.0,135215000000.0,-0.0225941,tether
3,2025-08-24T10:22:48,0.999712,167099000000.0,57984500000.0,0.0126157,tether
3,2025-08-25T10:26:44,0.999838,167124000000.0,116506000000.0,0.0148057,tether
3,2025-08-26T10:25:59,1.0,167169000000.0,114072000000.0,0.0283198,tether
3,2025-08-27T10:24:01,1.0,167221000000.0,90054300000.0,-0.00329398,tether
3,2025-08-28T10:25:05,1.0,167342000000.0,82989200000.0,-0.00378806,tether
3,2025-08-29T10:24:11,1.0,167375000000.0,88373200000.0,0.00601007,tether
3,2025-08-30T10:21:33,1.0,167612000000.0,94228100000.0,0.00392429,tether
3,2025-08-31T10:21:41,1.0,167622000000.0,49741700000.0,0.00625687,tether
3,2025-09-01T10:26:37,1.0,168015000000.0,73334900000.0,-0.0206931,tether
3,2025-09-02T10:25:07,1.0,168056000000.0,81350500000.0,0.0124871,tether
3,2025-09-03T10:22:58,1.0,168040000000.0,90080300000.0,-0.00940826,tether
3,2025-09-04T10:23:29,1.0,168367000000.0,76345100000.0,0.0232829,tether
3,2025-09-05T10:24:59,1.0,168562000000.0,80752700000.0,-0.0128673,tether
3,2025-09-06T10:20:25,1.0,168898000000.0,84375600000.0,0.00188043,tether
3,2025-09-07T10:20:41,1.0,168901000000.0,47202000000.0,0.00380037,tether
3,2025-09-08T10:25:26,0.999923,168860000000.0,61697800000.0,-0.0259276,tether
3,2025-09-09T10:25:29,1.0,168928000000.0,91897000000.0,0.00863127,tether
3,2025-09-10T10:23:27,1.0,169115000000.0,90754900000.0,0.005632,tether
3,2025-09-11T10:23:05,1.0,169145000000.0,97843900000.0,0.0178176,tether
3,2025-09-12T10:24:02,1.0,169583000000.0,104371000000.0,0.000249681,tether
3,2025-09-13T10:20:30,1.001,170122000000.0,104029000000.0,0.0414913,tether
3,2025-09-14T10:20:02,1.001,170361000000.0,77386400000.0,0.0125069,tether
3,2025-09-15T10:25:02,1.0,170312000000.0,97381500000.0,-0.0385336,tether
3,2025-09-16T10:24:23,1.0,170285000000.0,83240100000.0,-0.0194601,tether
3,2025-09-17T10:23:55,1.0,171013000000.0,89755400000.0,0.0171073,tether
3,2025-09-18T10:23:55,1.0,171180000000.0,137197000000.0,-0.0031615,tether
3,2025-09-19T10:24:48,1.0,171506000000.0,84570300000.0,0.00201257,tether
3,2025-09-20T10:21:35,1.0,171512000000.0,65636700000.0,-0.000314027,tether
3,2025-09-21T10:21:33,1.0,172028000000.0,54042000000.0,0.00544436,tether
3,2025-09-22T10:26:36,1.001,172127000000.0,116322000000.0,0.0112429,tether
3,2025-09-23T10:24:47,1.001,172841000000.0,107991000000.0,-0.00982747,tether
3,2025-09-24T10:24:32,1.0,173067000000.0,97695000000.0,-0.0389654,tether
3,2025-09-25T10:24:58,1.0,173084000000.0,111839000000.0,0.010046,tether
3,2025-09-26T10:25:01,1.001,173556000000.0,154146000000.0,0.0430741,tether
3,2025-09-28T10:21:01,1.0,174255000000.0,49711300000.0,-0.016025,tether
3,2025-09-29T10:26:09,1.0,174407000000.0,85030600000.0,-0.0157394,tether
3,2025-09-30T10:25:29,1.0,174738000000.0,115044000000.0,0.015003,tether
3,2025-10-01T10:25:06,1.0,174963000000.0,115798000000.0,-0.0043732,tether
3,2025-10-02T10:23:38,1.0,175812000000.0,123102000000.0,0.0252717,tether
3,2025-11-12T10:27:58,1.0,183491000000.0,99391500000.0,0.0140174,tether
4,2025-02-05T12:03:40,571.03,83275300000.0,1241400000.0,-2.18004,binancecoin
4,2025-02-06T12:05:50,580.05,84578200000.0,471189000.0,1.49192,binancecoin
4,2025-02-07T12:17:59,586.11,85563000000.0,1075490000.0,1.42295,binancecoin
4,2025-02-10T12:07:29,605.28,88258100000.0,1516140000.0,-4.56891,binancecoin
4,2025-02-11T12:41:22,642.15,93682200000.0,1015890000.0,5.93322,binancecoin
4,2025-02-12T12:00:48,649.63,94785800000.0,1303260000.0,1.60773,binancecoin
4,2025-02-13T11:58:56,709.09,103405000000.0,3426390000.0,9.08198,binancecoin
4,2025-02-14T12:04:16,670.68,97893000000.0,4528540000.0,-5.36335,binancecoin
4,2025-02-17T12:01:23,667.25,97356100000.0,1190120000.0,-0.0416117,binancecoin
4,2025-02-18T12:21:07,654.93,95474500000.0,1079230000.0,-1.98103,binancecoin
4,2025-02-19T12:01:02,657.3,95894300000.0,1226110000.0,0.513978,binancecoin
4,2025-02-20T12:01:54,650.87,94942400000.0,879996000.0,-0.905576,binancecoin
4,2025-02-21T12:01:21,663.31,96735600000.0,722908000.0,1.94223,binancecoin
4,2025-02-24T12:06:05,638.47,93210300000.0,734289000.0,-3.49408,binancecoin
4,2025-02-25T12:01:15,607.14,88588300000.0,1881470000.0,-4.97999,binancecoin
4,2025-02-26T12:02:49,627.76,91604800000.0,1212860000.0,3.76789,binancecoin
4,2025-02-27T12:01:48,615.6,89723400000.0,1573590000.0,-1.92836,binancecoin
4,2025-02-28T11:59:11,569.29,83025200000.0,1575080000.0,-7.56595,binancecoin
4,2025-03-03T12:01:27,604.71,88099500000.0,1773000000.0,-0.742454,binancecoin
4,2025-03-04T12:00:14,568.77,83109200000.0,1437380000.0,-5.93686,binancecoin
4,2025-03-05T12:02:34,603.1,88020100000.0,1068310000.0,6.0818,binancecoin
4,2025-03-06T12:11:59,601.9,87808700000.0,814800000.0,-0.171691,binancecoin
4,2025-03-07T12:31:10,599.64,87538900000.0,883532000.0,-0.728586,binancecoin
4,2025-03-10T12:01:01,564.46,82276300000.0,1039960000.0,-2.19299,binancecoin
4,2025-03-11T12:01:19,558.43,81532700000.0,1881240000.0,-1.12934,binancecoin
4,2025-03-12T12:01:02,557.54,81366500000.0,1231960000.0,-0.105088,binancecoin
4,2025-03-13T12:03:47,581.45,84729600000.0,1171110000.0,4.10086,binancecoin
4,2025-03-14T12:12:15,580.22,84579800000.0,1728900000.0,0.0460198,binancecoin
4,2025-03-17T12:01:19,637.48,92958800000.0,1557210000.0,6.57853,binancecoin
4,2025-03-18T12:21:59,634.35,92555600000.0,1475790000.0,-0.533813,binancecoin
4,2025-03-19T12:32:19,618.09,90241600000.0,1100730000.0,-2.32954,binancecoin
4,2025-03-20T12:01:35,633.41,92378300000.0,1567980000.0,2.80415,binancecoin
4,2025-03-21T12:03:40,634.59,92677400000.0,1247290000.0,0.118197,binancecoin
4,2025-03-24T12:11:20,630.35,91998900000.0,723666000.0,1.30224,binancecoin
4,2025-03-25T12:42:46,633.77,92377900000.0,1454750000.0,0.548208,binancecoin
4,2025-03-26T12:01:32,631.75,92166500000.0,1072550000.0,-0.936898,binancecoin
4,2025-03-27T12:11:27,636.46,92799100000.0,1402200000.0,0.594366,binancecoin
4,2025-03-28T12:03:48,628.44,91603400000.0,1690890000.0,-1.16281,binancecoin
4,2025-03-31T12:01:35,589.27,85876100000.0,781025000.0,-3.07525,binancecoin
4,2025-04-01T12:21:37,616.24,89787200000.0,916597000.0,4.34478,binancecoin
4,2025-04-02T12:01:45,602.52,87863000000.0,1697680000.0,-2.22309,binancecoin
4,2025-04-03T12:00:51,598.5,87443300000.0,1864900000.0,-0.671703,binancecoin
4,2025-04-04T12:01:36,598.69,87394900000.0,785795000.0,0.0125812,binancecoin
4,2025-04-07T12:11:07,541.47,79040600000.0,1525330000.0,-7.9541,binancecoin
4,2025-04-08T12:47:18,557.92,81444700000.0,1492080000.0,2.63762,binancecoin
4,2025-04-09T12:16:55,558.48,81468600000.0,1060630000.0,0.211174,binancecoin
4,2025-04-10T12:00:58,578.4,84381600000.0,1088850000.0,3.55131,binancecoin
4,2025-04-11T12:40:28,583.51,85103100000.0,911796000.0,0.976939,binancecoin
4,2025-04-14T12:36:19,590.65,86138100000.0,559952000.0,-0.0354113,binancecoin
4,2025-04-15T12:41:23,588.18,85857600000.0,510091000.0,-0.416931,binancecoin
4,2025-04-16T12:11:09,577.85,84325200000.0,529423000.0,-2.07056,binancecoin
4,2025-04-21T12:01:41,604.27,88154900000.0,503959000.0,2.00628,binancecoin
4,2025-04-22T12:01:26,605.2,88305100000.0,614067000.0,0.149993,binancecoin
4,2025-04-23T12:06:05,612.04,89308700000.0,1090190000.0,1.06715,binancecoin
4,2025-04-24T12:03:29,597.0,87082500000.0,970777000.0,-2.47846,binancecoin
4,2025-04-25T12:27:06,607.4,88645100000.0,824244000.0,1.77899,binancecoin
4,2025-04-28T12:21:32,604.96,88257600000.0,563808000.0,0.723744,binancecoin
4,2025-04-29T12:11:29,606.64,88501500000.0,685992000.0,0.0961935,binancecoin
4,2025-04-30T12:23:13,601.08,87693400000.0,761997000.0,-0.825739,binancecoin
4,2025-05-05T12:03:48,593.53,86589400000.0,591551000.0,-0.0243829,binancecoin
4,2025-05-06T12:17:34,596.58,87018700000.0,769470000.0,0.614967,binancecoin
4,2025-05-07T12:19:35,605.39,88319100000.0,790442000.0,1.40887,binancecoin
4,2025-05-08T12:01:08,616.73,89923400000.0,906856000.0,1.78415,binancecoin
4,2025-05-09T12:01:35,631.13,92073200000.0,1397540000.0,2.33507,binancecoin
4,2025-05-12T12:00:45,668.53,97535600000.0,802682000.0,1.57613,binancecoin
4,2025-05-13T12:41:58,650.4,94969000000.0,1817160000.0,-3.59853,binancecoin
4,2025-05-14T12:20:46,655.57,95620700000.0,1426860000.0,0.614642,binancecoin
4,2025-05-16T12:11:11,655.12,95573400000.0,1023410000.0,0.900424,binancecoin
4,2025-05-19T12:30:35,639.97,93363800000.0,1032470000.0,-0.886506,binancecoin
4,2025-05-20T12:11:08,647.79,94514800000.0,744276000.0,1.29343,binancecoin
4,2025-05-21T12:10:40,651.02,94976000000.0,1024250000.0,0.499893,binancecoin
4,2025-05-22T11:59:01,685.27,99962000000.0,1667840000.0,5.2091,binancecoin
4,2025-05-23T12:01:27,685.64,100021000000.0,893991000.0,0.0488795,binancecoin
4,2025-05-26T12:00:52,673.54,98261700000.0,722694000.0,2.18761,binancecoin
4,2025-05-27T12:29:09,682.02,99498300000.0,804081000.0,1.08256,binancecoin
4,2025-05-28T12:08:12,682.91,99638800000.0,1011950000.0,0.0494489,binancecoin
4,2025-05-29T12:01:25,688.79,100496000000.0,909053000.0,0.866286,binancecoin
4,2025-05-30T12:11:38,669.85,97709400000.0,1054580000.0,-2.52095,binancecoin
4,2025-06-02T12:31:07,652.7,95292300000.0,555663000.0,0.260342,binancecoin
4,2025-06-03T12:30:56,667.51,97389500000.0,773996000.0,2.27075,binancecoin
4,2025-06-04T12:21:02,670.66,97843900000.0,627470000.0,0.453893,binancecoin
4,2025-06-05T12:01:44,670.04,97760500000.0,600279000.0,-0.0109824,binancecoin
4,2025-06-06T12:01:13,642.26,93721300000.0,1211830000.0,-4.13126,binancecoin
4,2025-06-09T12:10:50,653.18,95168600000.0,468147000.0,0.807388,binancecoin
4,2025-06-10T12:50:36,659.86,96279500000.0,537821000.0,0.761149,binancecoin
4,2025-06-11T12:00:27,670.87,97872600000.0,944233000.0,1.43029,binancecoin
4,2025-06-12T12:00:28,668.5,97537400000.0,887148000.0,-0.350699,binancecoin
4,2025-06-13T12:08:15,653.8,95498200000.0,1207470000.0,-2.12733,binancecoin
4,2025-06-16T12:05:42,655.65,95644300000.0,560265000.0,1.40738,binancecoin
4,2025-06-18T12:01:53,648.52,94630600000.0,573749000.0,-1.3863,binancecoin
4,2025-06-19T12:10:53,644.94,94092600000.0,771993000.0,-0.368339,binancecoin
4,2025-06-20T12:01:48,647.78,94528900000.0,564758000.0,0.387885,binancecoin
4,2025-06-23T10:17:47,620.8,90572500000.0,1098510000.0,-1.26646,binancecoin
4,2025-06-24T10:27:08,638.26,93115900000.0,1057610000.0,2.8515,binancecoin
4,2025-06-25T10:27:26,645.27,93993600000.0,794047000.0,1.11497,binancecoin
4,2025-06-26T10:26:50,646.65,94342900000.0,668041000.0,0.345296,binancecoin
4,2025-06-27T10:26:45,644.56,94042100000.0,458261000.0,-0.321796,binancecoin
4,2025-06-28T10:24:07,646.82,94355800000.0,435927000.0,0.352849,binancecoin
4,2025-06-29T10:26:41,650.15,94849200000.0,368817000.0,0.523401,binancecoin
4,2025-06-30T10:27:14,652.18,95145400000.0,561246000.0,0.310681,binancecoin
4,2025-07-01T10:27:44,652.82,95216400000.0,645748000.0,0.111217,binancecoin
4,2025-07-02T10:27:32,658.15,96011700000.0,625025000.0,0.836921,binancecoin
4,2025-07-03T10:27:05,662.66,96673300000.0,573549000.0,0.699147,binancecoin
4,2025-07-04T10:26:27,657.97,96003100000.0,691577000.0,-0.708115,binancecoin
4,2025-07-05T10:23:55,655.2,95585000000.0,536832000.0,-0.4225,binancecoin
4,2025-07-06T10:24:52,654.22,95451800000.0,339321000.0,-0.14881,binancecoin
4,2025-07-07T10:27:53,662.54,96678800000.0,679629000.0,1.2618,binancecoin
4,2025-07-08T10:27:06,660.11,96285800000.0,712720000.0,-0.342424,binancecoin
4,2025-07-09T10:27:54,659.98,96333200000.0,596069000.0,-0.0129984,binancecoin
4,2025-07-10T10:27:50,670.01,97743800000.0,1063980000.0,1.56034,binancecoin
4,2025-07-11T10:27:00,689.31,100558000000.0,1879670000.0,2.89605,binancecoin
4,2025-07-12T10:24:51,694.09,101263000000.0,1459540000.0,0.692999,binancecoin
4,2025-07-13T10:26:39,690.36,100718000000.0,843847000.0,-0.48687,binancecoin
4,2025-07-14T10:28:20,702.96,102463000000.0,1617980000.0,1.86036,binancecoin
4,2025-07-15T10:27:59,677.6,98780800000.0,1492560000.0,-3.58521,binancecoin
4,2025-07-16T10:28:53,694.72,101297000000.0,1244820000.0,2.50047,binancecoin
4,2025-07-17T10:28:57,718.45,104818000000.0,2638020000.0,3.43588,binancecoin
4,2025-07-18T10:28:15,736.86,107500000000.0,2709710000.0,2.6467,binancecoin
4,2025-07-19T10:26:26,731.9,106757000000.0,2604540000.0,-0.643193,binancecoin
4,2025-07-20T10:27:18,748.71,109221000000.0,1398090000.0,2.26566,binancecoin
4,2025-07-21T10:29:31,764.42,111526000000.0,2095720000.0,2.08855,binancecoin
4,2025-07-22T10:29:02,758.63,105669000000.0,2906660000.0,-0.763136,binancecoin
4,2025-07-23T10:29:03,792.43,110330000000.0,3118790000.0,4.45235,binancecoin
4,2025-07-24T10:28:56,760.2,105989000000.0,2788990000.0,-4.15096,binancecoin
4,2025-07-25T10:29:45,770.71,107475000000.0,2386260000.0,1.41728,binancecoin
4,2025-07-26T10:25:50,783.89,109215000000.0,1360300000.0,2.13429,binancecoin
4,2025-07-27T10:25:55,795.43,110755000000.0,1020720000.0,1.45369,binancecoin
4,2025-07-28T10:29:19,851.04,118575000000.0,3300520000.0,6.94571,binancecoin
4,2025-07-29T10:28:48,828.61,115397000000.0,2161790000.0,-2.63835,binancecoin
4,2025-07-30T10:28:56,800.31,111473000000.0,1962250000.0,-3.48081,binancecoin
4,2025-07-31T10:29:18,807.39,112450000000.0,1708470000.0,0.888846,binancecoin
4,2025-08-01T10:28:58,768.81,107080000000.0,2174380000.0,-4.70605,binancecoin
4,2025-08-02T10:26:06,751.7,104685000000.0,1627820000.0,-2.22497,binancecoin
4,2025-08-03T10:26:18,748.76,104341000000.0,1104790000.0,-0.522615,binancecoin
4,2025-08-04T10:30:39,758.1,105589000000.0,843809000.0,1.23033,binancecoin
4,2025-08-05T10:29:20,762.4,106072000000.0,1015220000.0,0.585773,binancecoin
4,2025-08-06T10:29:18,762.26,106172000000.0,1082010000.0,-0.198623,binancecoin
4,2025-08-07T10:28:37,771.49,107448000000.0,978349000.0,1.21942,binancecoin
4,2025-08-08T10:28:49,786.35,109545000000.0,1300020000.0,1.83338,binancecoin
4,2025-08-09T10:25:18,817.48,113862000000.0,1257770000.0,3.9852,binancecoin
4,2025-08-10T10:25:41,802.72,111835000000.0,1204120000.0,-1.7171,binancecoin
4,2025-08-11T10:29:01,810.16,112811000000.0,1204780000.0,1.01001,binancecoin
4,2025-08-12T10:27:37,799.94,111401000000.0,1753810000.0,-1.10463,binancecoin
4,2025-08-13T10:27:54,850.89,118520000000.0,2411580000.0,6.37607,binancecoin
4,2025-08-14T10:28:00,865.35,120524000000.0,2410540000.0,1.70833,binancecoin
4,2025-08-15T10:26:26,844.38,117482000000.0,5119200000.0,-2.44013,binancecoin
4,2025-08-16T10:23:47,829.91,115606000000.0,1916030000.0,-1.66833,binancecoin
4,2025-08-17T10:24:23,860.96,119926000000.0,1291300000.0,3.76069,binancecoin
4,2025-08-18T10:28:44,831.5,115843000000.0,1474790000.0,-3.39736,binancecoin
4,2025-08-19T10:26:06,844.62,117599000000.0,1454230000.0,1.57762,binancecoin
4,2025-08-20T10:26:25,831.63,115836000000.0,1574820000.0,-1.53954,binancecoin
4,2025-08-21T10:25:40,850.95,118636000000.0,2012480000.0,2.42257,binancecoin
4,2025-08-22T10:25:22,846.41,118030000000.0,1444460000.0,-0.512545,binancecoin
4,2025-08-23T10:22:43,890.46,124030000000.0,2610200000.0,5.1871,binancecoin
4,2025-08-24T10:22:49,864.45,120464000000.0,1271700000.0,-2.92858,binancecoin
4,2025-08-25T10:26:46,856.72,119491000000.0,2088750000.0,-0.788183,binancecoin
4,2025-08-26T10:26:01,844.22,117584000000.0,2072550000.0,-1.21141,binancecoin
4,2025-08-27T10:24:04,858.18,119534000000.0,1291540000.0,1.66087,binancecoin
4,2025-08-28T10:25:08,867.25,120696000000.0,1452110000.0,1.05769,binancecoin
4,2025-08-29T10:24:13,857.48,119379000000.0,1659640000.0,-1.14159,binancecoin
4,2025-08-30T10:21:35,860.58,119754000000.0,1261640000.0,0.304951,binancecoin
4,2025-08-31T10:21:43,858.12,119488000000.0,733916000.0,-0.264865,binancecoin
4,2025-09-01T10:26:39,853.82,119005000000.0,1172730000.0,-0.443133,binancecoin
4,2025-09-02T10:25:10,849.14,118163000000.0,1411530000.0,-0.599613,binancecoin
4,2025-09-03T10:23:00,854.08,118820000000.0,1036110000.0,0.593521,binancecoin
4,2025-09-04T10:23:31,848.01,118014000000.0,969284000.0,-0.71725,binancecoin
4,2025-09-05T10:25:01,849.41,118191000000.0,822910000.0,0.151606,binancecoin
4,2025-09-06T10:20:27,858.55,119465000000.0,1118550000.0,1.10636,binancecoin
4,2025-09-07T10:20:42,871.75,121352000000.0,909375000.0,1.55669,binancecoin
4,2025-09-08T10:25:28,877.24,122099000000.0,1135330000.0,0.623948,binancecoin
4,2025-09-09T10:25:32,882.09,122774000000.0,1009230000.0,0.59519,binancecoin
4,2025-09-10T10:23:29,882.26,122816000000.0,1052180000.0,0.0326032,binancecoin
4,2025-09-11T10:23:07,900.51,125346000000.0,1841120000.0,2.06277,binancecoin
4,2025-09-12T10:24:03,907.84,126391000000.0,1393740000.0,0.809719,binancecoin
4,2025-09-13T10:20:32,940.29,130870000000.0,1495010000.0,3.5493,binancecoin
4,2025-09-14T10:20:04,937.96,130573000000.0,1609070000.0,-0.249985,binancecoin
4,2025-09-15T10:25:04,916.14,127519000000.0,1405040000.0,-2.30431,binancecoin
4,2025-09-16T10:24:25,927.57,129188000000.0,1197180000.0,1.23708,binancecoin
4,2025-09-17T10:23:57,954.91,132991000000.0,2214290000.0,2.88722,binancecoin
4,2025-09-18T10:23:57,997.38,138828000000.0,3049340000.0,4.38501,binancecoin
4,2025-09-19T10:24:50,992.79,138156000000.0,2132740000.0,-0.22061,binancecoin
4,2025-09-20T10:21:37,999.96,139136000000.0,1960480000.0,0.74264,binancecoin
4,2025-09-21T10:21:36,1060.9,147590000000.0,3610180000.0,6.12901,binancecoin
4,2025-09-22T10:26:38,1021.65,142105000000.0,3185650000.0,-3.63378,binancecoin
4,2025-09-23T10:24:49,997.98,138882000000.0,3175300000.0,-2.20164,binancecoin
4,2025-09-24T10:24:33,1024.21,142764000000.0,2855610000.0,2.66826,binancecoin
4,2025-09-25T10:25:00,989.92,137635000000.0,2228840000.0,-3.08674,binancecoin
4,2025-09-26T10:25:02,939.43,130788000000.0,3270600000.0,-4.99119,binancecoin
4,2025-09-28T10:21:02,968.51,134590000000.0,1457860000.0,0.112047,binancecoin
4,2025-09-29T10:26:11,1009.31,140448000000.0,1679260000.0,4.23768,binancecoin
4,2025-09-30T10:25:31,1007.19,140200000000.0,2087160000.0,-0.17809,binancecoin
4,2025-10-01T10:25:08,1028.34,143130000000.0,1976330000.0,1.98566,binancecoin
4,2025-10-02T10:23:40,1040.08,144683000000.0,1865530000.0,1.15355,binancecoin
5,2025-02-06T12:05:50,1.0,55549000000.0,11227900000.0,0.004891,usd-coin
5,2025-02-07T12:18:00,0.99999,55748100000.0,10904400000.0,0.00036223,usd-coin
5,2025-02-10T12:07:29,0.99995,56279300000.0,8631850000.0,-0.00503382,usd-coin
5,2025-02-11T12:41:23,0.999951,56254000000.0,7688260000.0,0.000385933,usd-coin
5,2025-02-12T12:00:48,0.999925,56036800000.0,7108810000.0,-0.00744632,usd-coin
5,2025-02-13T11:58:56,0.999955,56058400000.0,10551600000.0,0.00548662,usd-coin
5,2025-02-14T12:04:16,0.999826,56176800000.0,8116290000.0,-0.00711196,usd-coin
5,2025-02-17T12:01:23,0.999992,56426900000.0,3588130000.0,0.00543452,usd-coin
5,2025-02-18T12:21:08,0.9999,56502600000.0,4551080000.0,-0.0090263,usd-coin
5,2025-02-19T12:01:03,0.999899,56224100000.0,4872360000.0,0.000512101,usd-coin
5,2025-02-20T12:01:54,0.999862,56306600000.0,7067280000.0,-0.00114389,usd-coin
5,2025-02-21T12:01:22,0.99986,56200700000.0,7956160000.0,0.00470112,usd-coin
5,2025-02-24T12:06:05,0.999917,57254000000.0,6765300000.0,-0.00421643,usd-coin
5,2025-02-25T12:01:16,0.999901,56552300000.0,14163500000.0,-0.00176885,usd-coin
5,2025-02-26T12:02:49,0.999897,56305400000.0,8931430000.0,-0.00351424,usd-coin
5,2025-02-27T12:01:48,0.9999,55990000000.0,10347600000.0,0.00220587,usd-coin
5,2025-02-28T11:59:11,0.999838,55600000000.0,15682600000.0,-0.00621959,usd-coin
5,2025-03-03T12:01:28,0.999921,56386800000.0,19277600000.0,0.00267084,usd-coin
5,2025-03-04T12:00:15,0.999884,56265600000.0,10947200000.0,-0.00462317,usd-coin
5,2025-03-05T12:02:34,0.999893,56439200000.0,13766500000.0,0.00683659,usd-coin
5,2025-03-06T12:12:00,0.999868,57243900000.0,10538400000.0,-0.00216235,usd-coin
5,2025-03-07T12:31:10,0.999874,57437200000.0,7729180000.0,-0.000588922,usd-coin
5,2025-03-10T12:01:02,0.999883,58291100000.0,10041900000.0,-0.00169747,usd-coin
5,2025-03-11T12:01:19,0.999882,58007500000.0,14069700000.0,-0.000196733,usd-coin
5,2025-03-12T12:01:02,0.999881,58189300000.0,14619200000.0,-0.000113588,usd-coin
5,2025-03-13T12:03:47,0.999811,58370200000.0,9355890000.0,-0.00643589,usd-coin
5,2025-03-14T12:12:16,0.999884,58407100000.0,10759400000.0,0.00739917,usd-coin
5,2025-03-17T12:01:19,0.999888,58709600000.0,7411630000.0,-0.000424159,usd-coin
5,2025-03-18T12:22:00,0.999842,58870800000.0,7920080000.0,0.00520169,usd-coin
5,2025-03-19T12:32:20,0.999703,58802100000.0,4958440000.0,-0.0138202,usd-coin
5,2025-03-20T12:01:35,0.999898,59238700000.0,8325490000.0,0.00118295,usd-coin
5,2025-03-21T12:03:40,0.9998,59311800000.0,6064120000.0,-0.00976603,usd-coin
5,2025-03-24T12:11:20,0.999887,59491100000.0,4346180000.0,0.00359373,usd-coin
5,2025-03-25T12:42:46,0.999802,59782100000.0,5984730000.0,-0.00756779,usd-coin
5,2025-03-26T12:01:32,0.999889,60209600000.0,8553830000.0,0.000318072,usd-coin
5,2025-03-27T12:11:27,0.999864,60136500000.0,8635870000.0,-0.00302276,usd-coin
5,2025-03-28T12:03:48,0.999793,60323200000.0,6557620000.0,-0.007241,usd-coin
5,2025-03-31T12:01:36,0.999879,60060800000.0,8606350000.0,-0.0074579,usd-coin
5,2025-04-01T12:21:37,0.999963,60100200000.0,10666300000.0,0.00305241,usd-coin
5,2025-04-02T12:01:46,0.999939,60102500000.0,10352700000.0,-0.00447179,usd-coin
5,2025-04-03T12:00:51,0.999948,60640200000.0,14257500000.0,0.00203614,usd-coin
5,2025-04-04T12:01:36,0.999958,60946300000.0,13217600000.0,0.000787719,usd-coin
5,2025-04-07T12:11:08,0.999949,60284400000.0,21973200000.0,0.00701413,usd-coin
5,2025-04-08T12:47:19,0.999942,60021400000.0,20261300000.0,-0.00548157,usd-coin
5,2025-04-09T12:16:55,0.999936,60141300000.0,18646500000.0,-0.00642895,usd-coin
5,2025-04-10T12:00:58,0.999894,59932500000.0,15804800000.0,-0.00113963,usd-coin
5,2025-04-11T12:40:28,0.999959,59970600000.0,12722000000.0,0.000266901,usd-coin
5,2025-04-14T12:36:20,0.999937,60128400000.0,10385400000.0,-0.00628622,usd-coin
5,2025-04-15T12:41:23,0.999984,60204800000.0,9027350000.0,0.0033546,usd-coin
5,2025-04-16T12:11:09,0.999989,60385700000.0,8073190000.0,0.00362729,usd-coin
5,2025-04-21T12:01:41,0.999954,60883200000.0,6899610000.0,-0.00297947,usd-coin
5,2025-04-22T12:01:26,0.999981,60885500000.0,10523100000.0,0.00261253,usd-coin
5,2025-04-23T12:06:05,0.999968,61743400000.0,16848500000.0,-0.00144905,usd-coin
5,2025-04-24T12:03:30,0.999969,61754400000.0,13827800000.0,-0.000498972,usd-coin
5,2025-04-25T12:27:07,0.999952,62188400000.0,11697500000.0,-0.00452422,usd-coin
5,2025-04-28T12:21:32,0.9999,62121300000.0,4348270000.0,-0.00406185,usd-coin
5,2025-04-29T12:11:30,0.9999,61988200000.0,5835080000.0,-0.000510155,usd-coin
5,2025-04-30T12:23:14,0.999899,61951200000.0,6658990000.0,-4.00061e-05,usd-coin
5,2025-05-05T12:03:49,0.999997,61478800000.0,4121540000.0,0.00299709,usd-coin
5,2025-05-06T12:17:34,0.999999,61752900000.0,6417090000.0,0.00367153,usd-coin
5,2025-05-07T12:19:35,0.999999,60981400000.0,7331490000.0,-4.85409e-06,usd-coin
5,2025-05-08T12:01:09,1.0,60901600000.0,7005270000.0,0.000266659,usd-coin
5,2025-05-09T12:01:36,0.999998,60651500000.0,18627700000.0,-0.000137902,usd-coin
5,2025-05-12T12:00:45,0.999898,60711800000.0,7872480000.0,-0.00579446,usd-coin
5,2025-05-13T12:41:59,0.999974,60783700000.0,14727400000.0,0.00188797,usd-coin
5,2025-05-14T12:20:47,0.999996,60655800000.0,7978590000.0,-0.000285273,usd-coin
5,2025-05-16T12:11:12,0.999852,60596600000.0,11017300000.0,-0.00707745,usd-coin
5,2025-05-19T12:30:36,0.999861,60631600000.0,12266100000.0,0.00609113,usd-coin
5,2025-05-20T12:11:09,0.999774,60612000000.0,10939200000.0,-0.00767557,usd-coin
5,2025-05-21T12:10:41,0.999789,60508100000.0,11731100000.0,0.0017595,usd-coin
5,2025-05-22T11:59:01,0.999753,61052400000.0,17362700000.0,-0.00420276,usd-coin
5,2025-05-23T12:01:27,0.999795,61175700000.0,9442350000.0,0.00470288,usd-coin
5,2025-05-26T12:00:53,0.999717,61671800000.0,7580590000.0,-0.00718008,usd-coin
5,2025-05-27T12:29:11,0.99979,61507800000.0,5232860000.0,-2.67732e-05,usd-coin
5,2025-05-28T12:08:12,0.999796,61337300000.0,9074270000.0,3.78906e-05,usd-coin
5,2025-05-29T12:01:25,0.999798,61203200000.0,9859030000.0,0.00384319,usd-coin
5,2025-05-30T12:11:39,0.999837,61069800000.0,11999500000.0,0.00301593,usd-coin
5,2025-06-02T12:31:07,0.999763,60915800000.0,5881880000.0,-0.00361479,usd-coin
5,2025-06-03T12:30:57,0.999759,61090200000.0,8797590000.0,-0.00162907,usd-coin
5,2025-06-04T12:21:02,0.999775,61444000000.0,7885440000.0,0.000616841,usd-coin
5,2025-06-05T12:01:44,0.999787,61493100000.0,5187490000.0,-0.000547975,usd-coin
5,2025-06-06T12:01:14,0.999798,60991500000.0,6991250000.0,0.000459631,usd-coin
5,2025-06-09T12:10:51,0.999802,60923500000.0,3119140000.0,0.000607467,usd-coin
5,2025-06-10T12:50:36,0.999802,60960800000.0,10320800000.0,0.00387654,usd-coin
5,2025-06-11T12:00:27,0.9998,60939400000.0,8204530000.0,0.00476077,usd-coin
5,2025-06-12T12:00:28,0.9998,61205500000.0,5006710000.0,0.000604208,usd-coin
5,2025-06-13T12:08:16,0.999785,61047300000.0,8027990000.0,0.00127469,usd-coin
5,2025-06-16T12:05:42,0.999791,61562100000.0,7947700000.0,0.00894254,usd-coin
5,2025-06-18T12:01:53,0.999799,61492000000.0,5207970000.0,0.0039396,usd-coin
5,2025-06-19T12:10:53,0.999816,61424300000.0,8974350000.0,0.00509602,usd-coin
5,2025-06-20T12:01:48,0.999845,61231400000.0,6899830000.0,0.00509887,usd-coin
5,2025-06-23T10:17:49,0.999784,61247800000.0,13110400000.0,-0.0024904,usd-coin
5,2025-06-24T10:27:10,0.999903,61668000000.0,9293550000.0,0.0199682,usd-coin
5,2025-06-25T10:27:28,0.99997,61746300000.0,10335500000.0,0.0128376,usd-coin
5,2025-06-26T10:26:52,0.999886,61782200000.0,8756430000.0,-0.00472354,usd-coin
5,2025-06-27T10:26:46,0.999804,61683400000.0,4196450000.0,-0.00728919,usd-coin
5,2025-06-28T10:24:09,0.99979,61708600000.0,5798150000.0,-0.00147906,usd-coin
5,2025-06-29T10:26:43,0.999901,61704400000.0,1827770000.0,0.018967,usd-coin
5,2025-06-30T10:27:15,0.9999,61631700000.0,3273900000.0,-9.27865e-05,usd-coin
5,2025-07-01T10:27:46,0.999886,61476400000.0,7723980000.0,-0.00146848,usd-coin
5,2025-07-02T10:27:34,0.999904,61655200000.0,7275220000.0,0.000605438,usd-coin
5,2025-07-03T10:27:07,0.999812,61653900000.0,5673010000.0,-0.00409001,usd-coin
5,2025-07-04T10:26:29,0.999862,62141200000.0,8195160000.0,-0.00117694,usd-coin
5,2025-07-05T10:23:57,0.999901,62180900000.0,4440490000.0,0.00901163,usd-coin
5,2025-07-06T10:24:54,0.999901,62252600000.0,1341150000.0,0.00227725,usd-coin
5,2025-07-07T10:27:54,0.9999,62070000000.0,3562720000.0,7.39709e-06,usd-coin
5,2025-07-08T10:27:07,0.999806,61959200000.0,4081350000.0,-0.00569845,usd-coin
5,2025-07-09T10:27:56,0.999898,61888300000.0,5427890000.0,-7.48356e-07,usd-coin
5,2025-07-10T10:27:52,0.999881,62489300000.0,11463700000.0,-0.00179619,usd-coin
5,2025-07-11T10:27:02,0.999906,62841900000.0,8802500000.0,0.00340803,usd-coin
5,2025-07-12T10:24:52,0.999903,63620800000.0,7363780000.0,-0.000452624,usd-coin
5,2025-07-13T10:26:41,0.999901,63631800000.0,3208730000.0,0.0001346,usd-coin
5,2025-07-14T10:28:22,0.999809,63403500000.0,7039070000.0,-0.00342258,usd-coin
5,2025-07-15T10:28:02,0.999882,62906900000.0,15088000000.0,0.00731045,usd-coin
5,2025-07-16T10:28:55,0.999863,62744100000.0,14889200000.0,0.0011251,usd-coin
5,2025-07-17T10:28:59,0.999858,63487700000.0,18800100000.0,0.000504961,usd-coin
5,2025-07-18T10:28:16,0.999879,64465100000.0,27390000000.0,0.0077425,usd-coin
5,2025-07-19T10:26:29,0.999904,64773200000.0,13078500000.0,0.0014518,usd-coin
5,2025-07-20T10:27:19,0.999855,64579400000.0,11443800000.0,-0.00493923,usd-coin
5,2025-07-21T10:29:33,0.999874,64373700000.0,18198100000.0,-0.00246148,usd-coin
5,2025-07-22T10:29:04,0.999856,64583400000.0,17916000000.0,-0.00231006,usd-coin
5,2025-07-23T10:29:05,0.999905,64743200000.0,8057160000.0,0.0057729,usd-coin
5,2025-07-24T10:28:59,0.999877,64673700000.0,17030600000.0,-0.00280146,usd-coin
5,2025-07-25T10:29:47,0.999877,64529300000.0,18668000000.0,-0.000283862,usd-coin
5,2025-07-26T10:25:52,0.999855,64255200000.0,10807900000.0,-0.00293685,usd-coin
5,2025-07-27T10:25:56,0.999901,64285600000.0,4381110000.0,0.00158929,usd-coin
5,2025-07-28T10:29:21,0.999802,64228900000.0,10730800000.0,-0.00986458,usd-coin
5,2025-07-29T10:28:50,0.999814,63819300000.0,10350400000.0,0.00141225,usd-coin
5,2025-07-30T10:28:59,0.999811,63801500000.0,13481900000.0,-0.000150233,usd-coin
5,2025-07-31T10:29:20,0.999713,63916600000.0,9062820000.0,-0.000999708,usd-coin
5,2025-08-01T10:28:59,0.999614,63986500000.0,8232610000.0,-0.0102957,usd-coin
5,2025-08-02T10:26:08,0.999715,64213400000.0,15212300000.0,-0.000645117,usd-coin
5,2025-08-03T10:26:20,0.99969,64184000000.0,9659040000.0,-0.00211529,usd-coin
5,2025-08-04T10:30:41,0.99971,64151000000.0,4448720000.0,0.00010415,usd-coin
5,2025-08-05T10:29:22,0.999729,64353700000.0,11376200000.0,0.00189885,usd-coin
5,2025-08-06T10:29:21,0.999805,64605100000.0,12630000000.0,0.0075563,usd-coin
5,2025-08-07T10:28:38,0.999802,64617500000.0,10206800000.0,0.00127331,usd-coin
5,2025-08-08T10:28:51,0.99977,64715100000.0,14493900000.0,-0.00365833,usd-coin
5,2025-08-09T10:25:20,0.999784,65287100000.0,13530400000.0,0.00121711,usd-coin
5,2025-08-10T10:25:43,0.999801,65247100000.0,11228300000.0,0.000939718,usd-coin
5,2025-08-11T10:29:02,0.999781,65105300000.0,13240900000.0,0.00706011,usd-coin
5,2025-08-12T10:27:39,0.999816,65622900000.0,12728300000.0,0.00357742,usd-coin
5,2025-08-13T10:27:56,0.999779,66307200000.0,21612700000.0,-0.00363841,usd-coin
5,2025-08-14T10:28:01,0.999816,67028200000.0,16840200000.0,0.00556088,usd-coin
5,2025-08-15T10:26:28,0.999803,67721600000.0,17056900000.0,-0.00130873,usd-coin
5,2025-08-16T10:23:49,0.9998,68158500000.0,17483200000.0,-0.000379307,usd-coin
5,2025-08-17T10:24:26,0.9999,68169400000.0,3306050000.0,0.00957541,usd-coin
5,2025-08-18T10:28:45,0.999862,68151300000.0,14869200000.0,-0.00390316,usd-coin
5,2025-08-19T10:26:07,0.999735,68357200000.0,11834000000.0,-0.0163625,usd-coin
5,2025-08-20T10:26:27,0.999803,67793600000.0,19032500000.0,0.00646601,usd-coin
5,2025-08-21T10:25:42,0.999887,67467200000.0,18034400000.0,0.00861989,usd-coin
5,2025-08-22T10:25:24,0.99971,67078300000.0,6422980000.0,-0.01505,usd-coin
5,2025-08-23T10:22:45,0.999789,67543900000.0,24803300000.0,0.00773031,usd-coin
5,2025-08-24T10:22:51,0.99983,67523600000.0,10476700000.0,0.00497066,usd-coin
5,2025-08-25T10:26:48,0.999799,67384900000.0,21948800000.0,0.00849,usd-coin
5,2025-08-26T10:26:02,0.99983,68153500000.0,22432800000.0,0.00229051,usd-coin
5,2025-08-27T10:24:07,0.999791,69010500000.0,18753500000.0,-0.002642,usd-coin
5,2025-08-28T10:25:11,0.999799,69284400000.0,19427200000.0,-0.000810154,usd-coin
5,2025-08-29T10:24:15,0.999816,70652300000.0,11659700000.0,0.0087469,usd-coin
5,2025-08-30T10:21:37,0.999803,71579500000.0,14678700000.0,-0.0011798,usd-coin
5,2025-08-31T10:21:45,0.999802,71516100000.0,4684130000.0,-0.000278356,usd-coin
5,2025-09-01T10:26:41,0.999816,71540200000.0,9018360000.0,0.000694495,usd-coin
5,2025-09-02T10:25:12,0.9998,71584900000.0,8638950000.0,-0.00136497,usd-coin
5,2025-09-03T10:23:01,0.99974,72033000000.0,14109400000.0,-0.00595195,usd-coin
5,2025-09-04T10:23:34,0.999816,72642900000.0,12223100000.0,0.00548709,usd-coin
5,2025-09-05T10:25:04,0.999872,72599400000.0,13273700000.0,0.00658103,usd-coin
5,2025-09-06T10:20:30,0.999799,72555700000.0,8825960000.0,-0.0103814,usd-coin
5,2025-09-07T10:20:44,0.999733,72530100000.0,4950100000.0,-0.0059694,usd-coin
5,2025-09-08T10:25:29,0.999801,72576300000.0,7308620000.0,-7.57521e-05,usd-coin
5,2025-09-09T10:25:35,0.999801,72593100000.0,10457400000.0,5.14325e-05,usd-coin
5,2025-09-10T10:23:31,0.999807,72492300000.0,8533750000.0,0.000621739,usd-coin
5,2025-09-11T10:23:09,0.999813,72237600000.0,8829330000.0,0.000614216,usd-coin
5,2025-09-12T10:24:05,0.999805,72415300000.0,12339300000.0,0.00804822,usd-coin
5,2025-09-13T10:20:35,0.999813,72991200000.0,10647400000.0,-0.000346173,usd-coin
5,2025-09-14T10:20:06,0.999806,73161700000.0,9589740000.0,-0.000224912,usd-coin
5,2025-09-15T10:25:05,0.999709,73114700000.0,10778600000.0,-0.00991131,usd-coin
5,2025-09-16T10:24:27,0.9997,73207300000.0,10467800000.0,-0.00814744,usd-coin
5,2025-09-17T10:23:59,0.999801,73612000000.0,8888050000.0,0.00932377,usd-coin
5,2025-09-18T10:23:58,0.999796,73480300000.0,15179100000.0,-0.000484729,usd-coin
5,2025-09-19T10:24:52,0.999707,74336800000.0,9037820000.0,-0.00896902,usd-coin
5,2025-09-20T10:21:40,0.999672,74140900000.0,10616800000.0,-0.0018504,usd-coin
5,2025-09-21T10:21:38,0.9997,73971500000.0,4980420000.0,0.00434358,usd-coin
5,2025-09-22T10:26:40,0.999608,73917300000.0,11325000000.0,-0.00942305,usd-coin
5,2025-09-23T10:24:50,0.999608,74010200000.0,10972000000.0,-0.00244076,usd-coin
5,2025-09-24T10:24:35,0.999702,73945900000.0,9542440000.0,0.00943105,usd-coin
5,2025-09-25T10:25:01,0.999797,74129500000.0,12868000000.0,0.00946252,usd-coin
5,2025-09-26T10:25:04,0.999703,73856400000.0,16003700000.0,-0.0094155,usd-coin
5,2025-09-28T10:21:04,0.999714,73720600000.0,5925700000.0,0.00079035,usd-coin
5,2025-09-29T10:26:13,0.999628,73551000000.0,9107420000.0,-0.00590094,usd-coin
5,2025-09-30T10:25:32,0.9997,73431900000.0,10232800000.0,0.00737337,usd-coin
5,2025-10-01T10:25:10,0.999558,73814200000.0,17239400000.0,-0.00802146,usd-coin
5,2025-10-02T10:23:42,0.999807,74156800000.0,11406900000.0,0.0205679,usd-coin
5,2025-11-12T10:28:03,0.999787,75971200000.0,12417300000.0,-0.00120328,usd-coin
6,2025-02-07T12:18:00,2.42,139975000000.0,6647130000.0,-0.823918,ripple
6,2025-03-06T12:12:00,2.62,151553000000.0,5293470000.0,4.09974,ripple
6,2025-03-18T12:22:00,2.27,131950000000.0,2992750000.0,-2.91818,ripple
6,2025-05-22T11:59:01,2.44,142999000000.0,4350970000.0,4.0405,ripple
6,2025-07-03T10:27:10,2.28,134920000000.0,4120670000.0,4.43544,ripple
6,2025-07-11T10:27:03,2.63,155424000000.0,7597980000.0,8.17948,ripple
6,2025-07-15T10:28:04,2.9,171524000000.0,10583300000.0,-2.4978,ripple
6,2025-07-17T10:29:02,3.24,192215000000.0,11181300000.0,9.72799,ripple
6,2025-07-22T10:29:06,3.48,205923000000.0,8716800000.0,-1.65218,ripple
6,2025-07-23T10:29:06,3.44,203756000000.0,6191710000.0,-1.07838,ripple
6,2025-07-24T10:29:01,3.1,183497000000.0,14866600000.0,-10.0446,ripple
6,2025-07-28T10:29:22,3.25,192662000000.0,5884250000.0,2.18636,ripple
6,2025-07-30T10:29:02,3.11,184143000000.0,5612080000.0,-0.893265,ripple
6,2025-08-01T10:29:01,2.94,174523000000.0,7050870000.0,-6.97007,ripple
6,2025-08-11T10:29:04,3.28,194034000000.0,5462090000.0,2.41241,ripple
6,2025-08-14T10:28:03,3.24,191886000000.0,9242300000.0,-1.48132,ripple
6,2025-08-24T10:22:53,3.02,179638000000.0,3337340000.0,-0.542163,ripple
6,2025-08-26T10:26:04,2.91,172883000000.0,6259150000.0,-1.16294,ripple
6,2025-08-27T10:24:09,3.01,179180000000.0,6392330000.0,3.6212,ripple
6,2025-09-03T10:23:03,2.85,169533000000.0,6983530000.0,1.51473,ripple
6,2025-09-05T10:25:06,2.84,169086000000.0,4576140000.0,-0.014973,ripple
6,2025-09-12T10:24:06,3.05,181574000000.0,6065000000.0,1.04179,ripple
6,2025-09-14T10:20:08,3.09,183876000000.0,4736560000.0,-2.85904,ripple
6,2025-09-15T10:25:07,2.97,177150000000.0,5696100000.0,-3.66787,ripple
6,2025-09-17T10:24:01,3.02,180233000000.0,4317350000.0,-0.593243,ripple
6,2025-09-18T10:24:00,3.11,186085000000.0,7563120000.0,3.12758,ripple
6,2025-09-25T10:25:03,2.83,169270000000.0,6728180000.0,-1.32204,ripple
6,2025-09-26T10:25:05,2.73,163171000000.0,8820830000.0,-3.7278,ripple
6,2025-09-28T10:21:06,2.78,165993000000.0,2709350000.0,-0.275153,ripple
6,2025-09-29T10:26:15,2.86,171399000000.0,3843040000.0,3.19946,ripple
